asin,delivery,discount,image_url,original_price,price,prime,rating,reviews_count,title,url
B0DX655V11,"Mon, 10 Mar",(26% off),https://m.media-amazon.com/images/I/61OEiDN4RPL._AC_UY218_.jpg,"₹15,499","₹11,499",Yes,N/A,0,"Samsung Galaxy M06 5G (Sage Green, 6GB RAM, 128 GB Storage) | MediaTek Dimensity 6300 | AnTuTu Score 422K+ | 12 5G Bands| 25W Fast Charging | 4 Gen. of OS Upgrades | Without Charger",https://www.amazon.in/sspa/click?ie=UTF8&spc=MTozOTgzNTU2OTAxNzAwNDk3OjE3NDE0MTA2NTg6c3BfYXRmOjMwMDQ5OTMxOTQ3NTEzMjo6MDo6&url=%2FSamsung-MediaTek-Dimensity-Charging-Upgrades%2Fdp%2FB0DX655V11%2Fref%3Dsr_1_1_sspa%3Fcrid%3DMU2BOMQCUT3U%26dib%3DeyJ2IjoiMSJ9.F7TURBUXkSlwfI9xD69vIH6trGGGmn12hkTrMrlFy5i7eC4SIjiirrNpHtPM0FrwlufN459rILDYS8DPM3vBjNrOGbbfDpk0GuqS7fnP01iwkgJhO5gD-dzxarLuZkJGX1vgK9v2RKOmEQe98oX-k7XMHoFaou6qmJkEGE8jBA78eKYBSdxqUtY7SI8T-J4_nIPNl022gmCXRLPkLlguaFrNHR3Eu0Q4cH2jGRWlR-C2IpCk7v9gB27J1w3SjYQ9d89ySKLEva335pP0rNQlwdp_c6XdIUGwBqrV0d8gJ-o.ERTnLoUs4aaiC1Cne4jCFh4IOXcXJVVfzPF2FX5NN2A%26dib_tag%3Dse%26keywords%3Dsmartphones%26qid%3D1741410658%26s%3Delectronics%26sprefix%3Dsmartphone%252Celectronics%252C194%26sr%3D1-1-spons%26sp_csd%3Dd2lkZ2V0TmFtZT1zcF9hdGY%26psc%3D1
B0DX6QQMGK,"Mon, 10 Mar",(19% off),https://m.media-amazon.com/images/I/61VpKrDeFkL._AC_UY218_.jpg,"₹15,499","₹12,499",Yes,N/A,0,"Samsung Galaxy M16 5G (Mint Green, 4GB RAM, 128 GB Storage) | MediaTek Dimensity 6300 | AnTuTu Score 422K+ | Super Amoled Display | 25W Fast Charging | 6 Gen. of OS Upgrades | Without Charger",https://www.amazon.in/sspa/click?ie=UTF8&spc=MTozOTgzNTU2OTAxNzAwNDk3OjE3NDE0MTA2NTg6c3BfYXRmOjMwMDQ5NzEzNjkzODMzMjo6MDo6&url=%2FSamsung-MediaTek-Dimensity-Charging-Upgrades%2Fdp%2FB0DX6QQMGK%2Fref%3Dsr_1_2_sspa%3Fcrid%3DMU2BOMQCUT3U%26dib%3DeyJ2IjoiMSJ9.F7TURBUXkSlwfI9xD69vIH6trGGGmn12hkTrMrlFy5i7eC4SIjiirrNpHtPM0FrwlufN459rILDYS8DPM3vBjNrOGbbfDpk0GuqS7fnP01iwkgJhO5gD-dzxarLuZkJGX1vgK9v2RKOmEQe98oX-k7XMHoFaou6qmJkEGE8jBA78eKYBSdxqUtY7SI8T-J4_nIPNl022gmCXRLPkLlguaFrNHR3Eu0Q4cH2jGRWlR-C2IpCk7v9gB27J1w3SjYQ9d89ySKLEva335pP0rNQlwdp_c6XdIUGwBqrV0d8gJ-o.ERTnLoUs4aaiC1Cne4jCFh4IOXcXJVVfzPF2FX5NN2A%26dib_tag%3Dse%26keywords%3Dsmartphones%26qid%3D1741410658%26s%3Delectronics%26sprefix%3Dsmartphone%252Celectronics%252C194%26sr%3D1-2-spons%26sp_csd%3Dd2lkZ2V0TmFtZT1zcF9hdGY%26psc%3D1
B0CYBLHZPW,"Mon, 10 Mar",(34% off),https://m.media-amazon.com/images/I/712tqhtIw1L._AC_UY218_.jpg,"₹8,999","₹5,899",Yes,4.0,415,POCO C61 Ethereal Blue 4GB RAM 64GB ROM,https://www.amazon.in/POCO-C61-Ethereal-Blue-64GB/dp/B0CYBLHZPW/ref=sr_1_3?crid=MU2BOMQCUT3U&dib=eyJ2IjoiMSJ9.F7TURBUXkSlwfI9xD69vIH6trGGGmn12hkTrMrlFy5i7eC4SIjiirrNpHtPM0FrwlufN459rILDYS8DPM3vBjNrOGbbfDpk0GuqS7fnP01iwkgJhO5gD-dzxarLuZkJGX1vgK9v2RKOmEQe98oX-k7XMHoFaou6qmJkEGE8jBA78eKYBSdxqUtY7SI8T-J4_nIPNl022gmCXRLPkLlguaFrNHR3Eu0Q4cH2jGRWlR-C2IpCk7v9gB27J1w3SjYQ9d89ySKLEva335pP0rNQlwdp_c6XdIUGwBqrV0d8gJ-o.ERTnLoUs4aaiC1Cne4jCFh4IOXcXJVVfzPF2FX5NN2A&dib_tag=se&keywords=smartphones&qid=1741410658&s=electronics&sprefix=smartphone%2Celectronics%2C194&sr=1-3
B0CJ2DVN1Q,"Mon, 10 Mar",(37% off),https://m.media-amazon.com/images/I/81bQaAhgpFL._AC_UY218_.jpg,"₹12,999","₹8,187",Yes,3.9,194,"Samsung Galaxy A05 (Light Green, 6GB, 128GB Storage) | 50 MP Main Camera | Upto 12GB RAM with RAM Plus | MediaTek Helio G85 | 5000 mAh Battery",https://www.amazon.in/Samsung-Galaxy-Storage-MediaTek-Battery/dp/B0CJ2DVN1Q/ref=sr_1_4?crid=MU2BOMQCUT3U&dib=eyJ2IjoiMSJ9.F7TURBUXkSlwfI9xD69vIH6trGGGmn12hkTrMrlFy5i7eC4SIjiirrNpHtPM0FrwlufN459rILDYS8DPM3vBjNrOGbbfDpk0GuqS7fnP01iwkgJhO5gD-dzxarLuZkJGX1vgK9v2RKOmEQe98oX-k7XMHoFaou6qmJkEGE8jBA78eKYBSdxqUtY7SI8T-J4_nIPNl022gmCXRLPkLlguaFrNHR3Eu0Q4cH2jGRWlR-C2IpCk7v9gB27J1w3SjYQ9d89ySKLEva335pP0rNQlwdp_c6XdIUGwBqrV0d8gJ-o.ERTnLoUs4aaiC1Cne4jCFh4IOXcXJVVfzPF2FX5NN2A&dib_tag=se&keywords=smartphones&qid=1741410658&s=electronics&sprefix=smartphone%2Celectronics%2C194&sr=1-4
B0DDY9HMJG,"Mon, 10 Mar",(21% off),https://m.media-amazon.com/images/I/81dl4dQY3BL._AC_UY218_.jpg,"₹14,999","₹11,848",Yes,4.1,215,"Motorola G45 5G (Brilliant Blue, 8GB RAM, 128GB Storage)",https://www.amazon.in/Motorola-Brilliant-Blue-128GB-Storage/dp/B0DDY9HMJG/ref=sr_1_5?crid=MU2BOMQCUT3U&dib=eyJ2IjoiMSJ9.F7TURBUXkSlwfI9xD69vIH6trGGGmn12hkTrMrlFy5i7eC4SIjiirrNpHtPM0FrwlufN459rILDYS8DPM3vBjNrOGbbfDpk0GuqS7fnP01iwkgJhO5gD-dzxarLuZkJGX1vgK9v2RKOmEQe98oX-k7XMHoFaou6qmJkEGE8jBA78eKYBSdxqUtY7SI8T-J4_nIPNl022gmCXRLPkLlguaFrNHR3Eu0Q4cH2jGRWlR-C2IpCk7v9gB27J1w3SjYQ9d89ySKLEva335pP0rNQlwdp_c6XdIUGwBqrV0d8gJ-o.ERTnLoUs4aaiC1Cne4jCFh4IOXcXJVVfzPF2FX5NN2A&dib_tag=se&keywords=smartphones&qid=1741410658&s=electronics&sprefix=smartphone%2Celectronics%2C194&sr=1-5
B0D7Z8FJZ9,"Mon, 10 Mar",(29% off),https://m.media-amazon.com/images/I/81nJiu51M+L._AC_UY218_.jpg,"₹25,999","₹18,499",Yes,4.1,"7,419","Samsung Galaxy M35 5G (Daybreak Blue,8GB RAM,128GB Storage)| Corning Gorilla Glass Victus+| AnTuTu Score 595K+ | Vapour Cooling Chamber | 6000mAh Battery | 120Hz Super AMOLED Display| Without Charger",https://www.amazon.in/Samsung-Daybreak-Storage-Corning-Gorilla/dp/B0D7Z8FJZ9/ref=sr_1_6?crid=MU2BOMQCUT3U&dib=eyJ2IjoiMSJ9.F7TURBUXkSlwfI9xD69vIH6trGGGmn12hkTrMrlFy5i7eC4SIjiirrNpHtPM0FrwlufN459rILDYS8DPM3vBjNrOGbbfDpk0GuqS7fnP01iwkgJhO5gD-dzxarLuZkJGX1vgK9v2RKOmEQe98oX-k7XMHoFaou6qmJkEGE8jBA78eKYBSdxqUtY7SI8T-J4_nIPNl022gmCXRLPkLlguaFrNHR3Eu0Q4cH2jGRWlR-C2IpCk7v9gB27J1w3SjYQ9d89ySKLEva335pP0rNQlwdp_c6XdIUGwBqrV0d8gJ-o.ERTnLoUs4aaiC1Cne4jCFh4IOXcXJVVfzPF2FX5NN2A&dib_tag=se&keywords=smartphones&qid=1741410658&s=electronics&sprefix=smartphone%2Celectronics%2C194&sr=1-6
B0BY8MCQ9S,"Mon, 10 Mar",(18% off),https://m.media-amazon.com/images/I/61LB+d0vheL._AC_UY218_.jpg,"₹19,999","₹16,482",Yes,4.2,"61,152","OnePlus Nord CE 3 Lite 5G (Chromatic Gray, 8GB RAM, 128GB Storage)",https://www.amazon.in/OnePlus-Nord-Chromatic-128GB-Storage/dp/B0BY8MCQ9S/ref=sr_1_7?crid=MU2BOMQCUT3U&dib=eyJ2IjoiMSJ9.F7TURBUXkSlwfI9xD69vIH6trGGGmn12hkTrMrlFy5i7eC4SIjiirrNpHtPM0FrwlufN459rILDYS8DPM3vBjNrOGbbfDpk0GuqS7fnP01iwkgJhO5gD-dzxarLuZkJGX1vgK9v2RKOmEQe98oX-k7XMHoFaou6qmJkEGE8jBA78eKYBSdxqUtY7SI8T-J4_nIPNl022gmCXRLPkLlguaFrNHR3Eu0Q4cH2jGRWlR-C2IpCk7v9gB27J1w3SjYQ9d89ySKLEva335pP0rNQlwdp_c6XdIUGwBqrV0d8gJ-o.ERTnLoUs4aaiC1Cne4jCFh4IOXcXJVVfzPF2FX5NN2A&dib_tag=se&keywords=smartphones&qid=1741410658&s=electronics&sprefix=smartphone%2Celectronics%2C194&sr=1-7
B0D5YCYS1G,"Mon, 10 Mar",(14% off),https://m.media-amazon.com/images/I/61Io5-ojWUL._AC_UY218_.jpg,"₹20,999","₹17,998",Yes,4.1,"4,946","OnePlus Nord CE4 Lite 5G (Super Silver, 8GB RAM, 128GB Storage)",https://www.amazon.in/OnePlus-Super-Silver-128GB-Storage/dp/B0D5YCYS1G/ref=sr_1_8?crid=MU2BOMQCUT3U&dib=eyJ2IjoiMSJ9.F7TURBUXkSlwfI9xD69vIH6trGGGmn12hkTrMrlFy5i7eC4SIjiirrNpHtPM0FrwlufN459rILDYS8DPM3vBjNrOGbbfDpk0GuqS7fnP01iwkgJhO5gD-dzxarLuZkJGX1vgK9v2RKOmEQe98oX-k7XMHoFaou6qmJkEGE8jBA78eKYBSdxqUtY7SI8T-J4_nIPNl022gmCXRLPkLlguaFrNHR3Eu0Q4cH2jGRWlR-C2IpCk7v9gB27J1w3SjYQ9d89ySKLEva335pP0rNQlwdp_c6XdIUGwBqrV0d8gJ-o.ERTnLoUs4aaiC1Cne4jCFh4IOXcXJVVfzPF2FX5NN2A&dib_tag=se&keywords=smartphones&qid=1741410658&s=electronics&sprefix=smartphone%2Celectronics%2C194&sr=1-8
B0CX5BZXLF,"Mon, 10 Mar",(11% off),https://m.media-amazon.com/images/I/61g1pqSjAhL._AC_UY218_.jpg,"₹26,999","₹23,998",Yes,4.2,"7,571","OnePlus Nord CE4 (Dark Chrome, 8GB RAM, 256GB Storage)",https://www.amazon.in/Oneplus-Nord-Chrome-256GB-Storage/dp/B0CX5BZXLF/ref=sr_1_9?crid=MU2BOMQCUT3U&dib=eyJ2IjoiMSJ9.F7TURBUXkSlwfI9xD69vIH6trGGGmn12hkTrMrlFy5i7eC4SIjiirrNpHtPM0FrwlufN459rILDYS8DPM3vBjNrOGbbfDpk0GuqS7fnP01iwkgJhO5gD-dzxarLuZkJGX1vgK9v2RKOmEQe98oX-k7XMHoFaou6qmJkEGE8jBA78eKYBSdxqUtY7SI8T-J4_nIPNl022gmCXRLPkLlguaFrNHR3Eu0Q4cH2jGRWlR-C2IpCk7v9gB27J1w3SjYQ9d89ySKLEva335pP0rNQlwdp_c6XdIUGwBqrV0d8gJ-o.ERTnLoUs4aaiC1Cne4jCFh4IOXcXJVVfzPF2FX5NN2A&dib_tag=se&keywords=smartphones&qid=1741410658&s=electronics&sprefix=smartphone%2Celectronics%2C194&sr=1-9
B0D3GYZ82S,"Mon, 10 Mar",(17% off),https://m.media-amazon.com/images/I/71AUNTs39lL._AC_UY218_.jpg,"₹14,999","₹12,499",Yes,4.1,"2,499","realme NARZO N65 5G (Amber Gold 6GB RAM, 128GB Storage) India's 1st D6300 5G Chipset | Ultra Slim Design | 120Hz Eye Comfort Display | 50MP AI Camera| Charger in The Box",https://www.amazon.in/realme-Storage-Chipset-Comfort-Display/dp/B0D3GYZ82S/ref=sr_1_10?crid=MU2BOMQCUT3U&dib=eyJ2IjoiMSJ9.F7TURBUXkSlwfI9xD69vIH6trGGGmn12hkTrMrlFy5i7eC4SIjiirrNpHtPM0FrwlufN459rILDYS8DPM3vBjNrOGbbfDpk0GuqS7fnP01iwkgJhO5gD-dzxarLuZkJGX1vgK9v2RKOmEQe98oX-k7XMHoFaou6qmJkEGE8jBA78eKYBSdxqUtY7SI8T-J4_nIPNl022gmCXRLPkLlguaFrNHR3Eu0Q4cH2jGRWlR-C2IpCk7v9gB27J1w3SjYQ9d89ySKLEva335pP0rNQlwdp_c6XdIUGwBqrV0d8gJ-o.ERTnLoUs4aaiC1Cne4jCFh4IOXcXJVVfzPF2FX5NN2A&dib_tag=se&keywords=smartphones&qid=1741410658&s=electronics&sprefix=smartphone%2Celectronics%2C194&sr=1-10
B0DLW4QD72,"Mon, 10 Mar",(25% off),https://m.media-amazon.com/images/I/718HzJbvY1L._AC_UY218_.jpg,"₹11,999","₹8,999",Yes,4.0,344,"Redmi A4 5G (Starry Black, 4GB RAM, 128GB Storage) | Global Debut SD 4s Gen 2 | Segment Largest 6.88in 120Hz | 50MP Dual Camera | 18W Fast Charging",https://www.amazon.in/Redmi-A4-5G-Storage-Charging/dp/B0DLW4QD72/ref=sr_1_11?crid=MU2BOMQCUT3U&dib=eyJ2IjoiMSJ9.F7TURBUXkSlwfI9xD69vIH6trGGGmn12hkTrMrlFy5i7eC4SIjiirrNpHtPM0FrwlufN459rILDYS8DPM3vBjNrOGbbfDpk0GuqS7fnP01iwkgJhO5gD-dzxarLuZkJGX1vgK9v2RKOmEQe98oX-k7XMHoFaou6qmJkEGE8jBA78eKYBSdxqUtY7SI8T-J4_nIPNl022gmCXRLPkLlguaFrNHR3Eu0Q4cH2jGRWlR-C2IpCk7v9gB27J1w3SjYQ9d89ySKLEva335pP0rNQlwdp_c6XdIUGwBqrV0d8gJ-o.ERTnLoUs4aaiC1Cne4jCFh4IOXcXJVVfzPF2FX5NN2A&dib_tag=se&keywords=smartphones&qid=1741410658&s=electronics&sprefix=smartphone%2Celectronics%2C194&sr=1-11
B0D78W2HF5,"Mon, 10 Mar",(34% off),https://m.media-amazon.com/images/I/81Q9jpYOFdL._AC_UY218_.jpg,"₹17,999","₹11,921",Yes,4.0,"3,234","Redmi 13 5G, Orchid Pink, 6GB+128GB | India Debut SD 4 Gen 2 AE | 108MP Pro Grade Camera | 6.79in Largest Display in Segment",https://www.amazon.in/Redmi-Orchid-Largest-Display-Segment/dp/B0D78W2HF5/ref=sr_1_12?crid=MU2BOMQCUT3U&dib=eyJ2IjoiMSJ9.F7TURBUXkSlwfI9xD69vIH6trGGGmn12hkTrMrlFy5i7eC4SIjiirrNpHtPM0FrwlufN459rILDYS8DPM3vBjNrOGbbfDpk0GuqS7fnP01iwkgJhO5gD-dzxarLuZkJGX1vgK9v2RKOmEQe98oX-k7XMHoFaou6qmJkEGE8jBA78eKYBSdxqUtY7SI8T-J4_nIPNl022gmCXRLPkLlguaFrNHR3Eu0Q4cH2jGRWlR-C2IpCk7v9gB27J1w3SjYQ9d89ySKLEva335pP0rNQlwdp_c6XdIUGwBqrV0d8gJ-o.ERTnLoUs4aaiC1Cne4jCFh4IOXcXJVVfzPF2FX5NN2A&dib_tag=se&keywords=smartphones&qid=1741410658&s=electronics&sprefix=smartphone%2Celectronics%2C194&sr=1-12
B07WGPJPR3,"Mon, 10 Mar",(30% off),https://m.media-amazon.com/images/I/61Id6WJDWqL._AC_UY218_.jpg,"₹27,999","₹19,499",Yes,4.4,"15,563","iQOO Z7 Pro 5G (Blue Lagoon, 8GB RAM, 256GB Storage) | 3D Curved AMOLED Display | 4nm MediaTek Dimesity 7200 5G Processor | 64MP Aura Light OIS Camera | Segment's Slimmest & Lightest Smartphone",https://www.amazon.in/iQOO-MediaTek-Dimesity-Processor-Smartphone/dp/B07WGPJPR3/ref=sr_1_13?crid=MU2BOMQCUT3U&dib=eyJ2IjoiMSJ9.F7TURBUXkSlwfI9xD69vIH6trGGGmn12hkTrMrlFy5i7eC4SIjiirrNpHtPM0FrwlufN459rILDYS8DPM3vBjNrOGbbfDpk0GuqS7fnP01iwkgJhO5gD-dzxarLuZkJGX1vgK9v2RKOmEQe98oX-k7XMHoFaou6qmJkEGE8jBA78eKYBSdxqUtY7SI8T-J4_nIPNl022gmCXRLPkLlguaFrNHR3Eu0Q4cH2jGRWlR-C2IpCk7v9gB27J1w3SjYQ9d89ySKLEva335pP0rNQlwdp_c6XdIUGwBqrV0d8gJ-o.ERTnLoUs4aaiC1Cne4jCFh4IOXcXJVVfzPF2FX5NN2A&dib_tag=se&keywords=smartphones&qid=1741410658&s=electronics&sprefix=smartphone%2Celectronics%2C194&sr=1-13
B0D7VJ72XK,"Mon, 10 Mar",(11% off),https://m.media-amazon.com/images/I/61JOYUJbhcL._AC_UY218_.jpg,"₹35,999","₹31,998",Yes,4.2,"2,724","OnePlus Nord 4 5G (Mercurial Silver, 12GB RAM, 256GB Storage)",https://www.amazon.in/OnePlus-Mercurial-Silver-256GB-Storage/dp/B0D7VJ72XK/ref=sr_1_14?crid=MU2BOMQCUT3U&dib=eyJ2IjoiMSJ9.F7TURBUXkSlwfI9xD69vIH6trGGGmn12hkTrMrlFy5i7eC4SIjiirrNpHtPM0FrwlufN459rILDYS8DPM3vBjNrOGbbfDpk0GuqS7fnP01iwkgJhO5gD-dzxarLuZkJGX1vgK9v2RKOmEQe98oX-k7XMHoFaou6qmJkEGE8jBA78eKYBSdxqUtY7SI8T-J4_nIPNl022gmCXRLPkLlguaFrNHR3Eu0Q4cH2jGRWlR-C2IpCk7v9gB27J1w3SjYQ9d89ySKLEva335pP0rNQlwdp_c6XdIUGwBqrV0d8gJ-o.ERTnLoUs4aaiC1Cne4jCFh4IOXcXJVVfzPF2FX5NN2A&dib_tag=se&keywords=smartphones&qid=1741410658&s=electronics&sprefix=smartphone%2Celectronics%2C194&sr=1-14
B07WHQHNZC,"Mon, 10 Mar",(34% off),https://m.media-amazon.com/images/I/61wHkeTOhWL._AC_UY218_.jpg,"₹18,999","₹12,499",Yes,4.2,"6,561","iQOO Z9x 5G (Tornado Green, 6GB RAM, 128GB Storage) | Snapdragon 6 Gen 1 with 560k+ AnTuTu Score | 6000mAh Battery with 7.99mm Slim Design | 44W FlashCharge",https://www.amazon.in/sspa/click?ie=UTF8&spc=MTozOTgzNTU2OTAxNzAwNDk3OjE3NDE0MTA2NTg6c3BfbXRmOjMwMDE5MzUwNTg4ODUzMjo6MDo6&url=%2FiQOO-Tornado-Storage-Snapdragon-FlashCharge%2Fdp%2FB07WHQHNZC%2Fref%3Dsr_1_15_sspa%3Fcrid%3DMU2BOMQCUT3U%26dib%3DeyJ2IjoiMSJ9.F7TURBUXkSlwfI9xD69vIH6trGGGmn12hkTrMrlFy5i7eC4SIjiirrNpHtPM0FrwlufN459rILDYS8DPM3vBjNrOGbbfDpk0GuqS7fnP01iwkgJhO5gD-dzxarLuZkJGX1vgK9v2RKOmEQe98oX-k7XMHoFaou6qmJkEGE8jBA78eKYBSdxqUtY7SI8T-J4_nIPNl022gmCXRLPkLlguaFrNHR3Eu0Q4cH2jGRWlR-C2IpCk7v9gB27J1w3SjYQ9d89ySKLEva335pP0rNQlwdp_c6XdIUGwBqrV0d8gJ-o.ERTnLoUs4aaiC1Cne4jCFh4IOXcXJVVfzPF2FX5NN2A%26dib_tag%3Dse%26keywords%3Dsmartphones%26qid%3D1741410658%26s%3Delectronics%26sprefix%3Dsmartphone%252Celectronics%252C194%26sr%3D1-15-spons%26sp_csd%3Dd2lkZ2V0TmFtZT1zcF9tdGY%26psc%3D1
B0DQ8S38R8,"Mon, 10 Mar",(4% off),https://m.media-amazon.com/images/I/61++T836jiL._AC_UY218_.jpg,"₹44,999","₹42,998",Yes,4.2,673,"OnePlus 13R | Smarter with OnePlus AI (12GB RAM, 256GB Storage Astral Trail)",https://www.amazon.in/sspa/click?ie=UTF8&spc=MTozOTgzNTU2OTAxNzAwNDk3OjE3NDE0MTA2NTg6c3BfbXRmOjMwMDQ2MDUwMDkwOTgzMjo6MDo6&url=%2FOnePlus-Smarter-256GB-Storage-Astral%2Fdp%2FB0DQ8S38R8%2Fref%3Dsr_1_16_sspa%3Fcrid%3DMU2BOMQCUT3U%26dib%3DeyJ2IjoiMSJ9.F7TURBUXkSlwfI9xD69vIH6trGGGmn12hkTrMrlFy5i7eC4SIjiirrNpHtPM0FrwlufN459rILDYS8DPM3vBjNrOGbbfDpk0GuqS7fnP01iwkgJhO5gD-dzxarLuZkJGX1vgK9v2RKOmEQe98oX-k7XMHoFaou6qmJkEGE8jBA78eKYBSdxqUtY7SI8T-J4_nIPNl022gmCXRLPkLlguaFrNHR3Eu0Q4cH2jGRWlR-C2IpCk7v9gB27J1w3SjYQ9d89ySKLEva335pP0rNQlwdp_c6XdIUGwBqrV0d8gJ-o.ERTnLoUs4aaiC1Cne4jCFh4IOXcXJVVfzPF2FX5NN2A%26dib_tag%3Dse%26keywords%3Dsmartphones%26qid%3D1741410658%26s%3Delectronics%26sprefix%3Dsmartphone%252Celectronics%252C194%26sr%3D1-16-spons%26sp_csd%3Dd2lkZ2V0TmFtZT1zcF9tdGY%26psc%3D1
B0D3J7HS89,"Mon, 10 Mar",(19% off),https://m.media-amazon.com/images/I/71OoxNHXPoL._AC_UY218_.jpg,"₹35,999","₹28,998",Yes,4.3,"3,367","realme GT 6T 5G (Razor Green,8GB RAM+256GB Storage) | India's 1st 7+ Gen 3 Flagship Chipset | 1.5M + AnTuTu Score | 5500mAh+120W | The World's Brightest Flagship Display",https://www.amazon.in/realme-Storage-Flagship-Chipset-Brightest/dp/B0D3J7HS89/ref=sr_1_17?crid=MU2BOMQCUT3U&dib=eyJ2IjoiMSJ9.F7TURBUXkSlwfI9xD69vIH6trGGGmn12hkTrMrlFy5i7eC4SIjiirrNpHtPM0FrwlufN459rILDYS8DPM3vBjNrOGbbfDpk0GuqS7fnP01iwkgJhO5gD-dzxarLuZkJGX1vgK9v2RKOmEQe98oX-k7XMHoFaou6qmJkEGE8jBA78eKYBSdxqUtY7SI8T-J4_nIPNl022gmCXRLPkLlguaFrNHR3Eu0Q4cH2jGRWlR-C2IpCk7v9gB27J1w3SjYQ9d89ySKLEva335pP0rNQlwdp_c6XdIUGwBqrV0d8gJ-o.ERTnLoUs4aaiC1Cne4jCFh4IOXcXJVVfzPF2FX5NN2A&dib_tag=se&keywords=smartphones&qid=1741410658&s=electronics&sprefix=smartphone%2Celectronics%2C194&sr=1-17
B0D7Z8GTQN,"Tue, 11 Mar, 9 am - 5 pm",(22% off),https://m.media-amazon.com/images/I/81FZk5pGzFL._AC_UY218_.jpg,"₹27,499","₹21,499",No,4.1,"7,419","Samsung Galaxy M35 5G (Moonlight Blue,8GB RAM,256GB Storage)| Corning Gorilla Glass Victus+| AnTuTu Score 595K+ | Vapour Cooling Chamber | 6000mAh Battery | 120Hz Super AMOLED Display| Without Charger",https://www.amazon.in/Samsung-Moonlight-Storage-Corning-Gorilla/dp/B0D7Z8GTQN/ref=sr_1_18?crid=MU2BOMQCUT3U&dib=eyJ2IjoiMSJ9.F7TURBUXkSlwfI9xD69vIH6trGGGmn12hkTrMrlFy5i7eC4SIjiirrNpHtPM0FrwlufN459rILDYS8DPM3vBjNrOGbbfDpk0GuqS7fnP01iwkgJhO5gD-dzxarLuZkJGX1vgK9v2RKOmEQe98oX-k7XMHoFaou6qmJkEGE8jBA78eKYBSdxqUtY7SI8T-J4_nIPNl022gmCXRLPkLlguaFrNHR3Eu0Q4cH2jGRWlR-C2IpCk7v9gB27J1w3SjYQ9d89ySKLEva335pP0rNQlwdp_c6XdIUGwBqrV0d8gJ-o.ERTnLoUs4aaiC1Cne4jCFh4IOXcXJVVfzPF2FX5NN2A&dib_tag=se&keywords=smartphones&qid=1741410658&s=electronics&sprefix=smartphone%2Celectronics%2C194&sr=1-18
B0DDTXW9WH,"Mon, 10 Mar",(15% off),https://m.media-amazon.com/images/I/71GHoiLCpFL._AC_UY218_.jpg,"₹19,999","₹16,999",Yes,4.2,"2,519","realme NARZO 70 Turbo 5G (Turbo Green,6GB RAM,128GB Storage) | Segment's Fastest Dimensity 7300 Energy 5G Chipset | Motorsports Inspired Design",https://www.amazon.in/realme-Segments-Dimensity-Motorsports-Inspired/dp/B0DDTXW9WH/ref=sr_1_19?crid=MU2BOMQCUT3U&dib=eyJ2IjoiMSJ9.F7TURBUXkSlwfI9xD69vIH6trGGGmn12hkTrMrlFy5i7eC4SIjiirrNpHtPM0FrwlufN459rILDYS8DPM3vBjNrOGbbfDpk0GuqS7fnP01iwkgJhO5gD-dzxarLuZkJGX1vgK9v2RKOmEQe98oX-k7XMHoFaou6qmJkEGE8jBA78eKYBSdxqUtY7SI8T-J4_nIPNl022gmCXRLPkLlguaFrNHR3Eu0Q4cH2jGRWlR-C2IpCk7v9gB27J1w3SjYQ9d89ySKLEva335pP0rNQlwdp_c6XdIUGwBqrV0d8gJ-o.ERTnLoUs4aaiC1Cne4jCFh4IOXcXJVVfzPF2FX5NN2A&dib_tag=se&keywords=smartphones&qid=1741410658&s=electronics&sprefix=smartphone%2Celectronics%2C194&sr=1-19
B0D947DTLT,"Mon, 10 Mar",(23% off),https://m.media-amazon.com/images/I/71r0Ysx+oVL._AC_UY218_.jpg,"₹10,999","₹8,498",Yes,4.0,"2,191","realme NARZO N61 (Voyage Blue,6GB RAM+128GB Storage) 90Hz Eye Comfort Display | IP54 Dust & Water Resistance | 48-Month Fluency | Charger in The Box",https://www.amazon.in/realme-Storage-Comfort-Resistance-48-Month/dp/B0D947DTLT/ref=sr_1_20?crid=MU2BOMQCUT3U&dib=eyJ2IjoiMSJ9.F7TURBUXkSlwfI9xD69vIH6trGGGmn12hkTrMrlFy5i7eC4SIjiirrNpHtPM0FrwlufN459rILDYS8DPM3vBjNrOGbbfDpk0GuqS7fnP01iwkgJhO5gD-dzxarLuZkJGX1vgK9v2RKOmEQe98oX-k7XMHoFaou6qmJkEGE8jBA78eKYBSdxqUtY7SI8T-J4_nIPNl022gmCXRLPkLlguaFrNHR3Eu0Q4cH2jGRWlR-C2IpCk7v9gB27J1w3SjYQ9d89ySKLEva335pP0rNQlwdp_c6XdIUGwBqrV0d8gJ-o.ERTnLoUs4aaiC1Cne4jCFh4IOXcXJVVfzPF2FX5NN2A&dib_tag=se&keywords=smartphones&qid=1741410658&s=electronics&sprefix=smartphone%2Celectronics%2C194&sr=1-20
B0CX7G9PZ4,"Tue, 11 Mar, 9 am - 5 pm",(24% off),https://m.media-amazon.com/images/I/81wW3hnaFbL._AC_UY218_.jpg,"₹25,999","₹19,796",No,4.2,158,"Nothing Phone (2a) 5G (Black, 8GB RAM, 128GB Storage) | 6.7"" AMOLED Display | 50MP (OIS) + 50 MP | 32 MP Front | Mediatek Dimensity 7200 Pro Processor | Glyph Interface | 45 W Charging 100% in 59 mins",https://www.amazon.in/Nothing-Phone-Black-128GB-Storage/dp/B0CX7G9PZ4/ref=sr_1_21?crid=MU2BOMQCUT3U&dib=eyJ2IjoiMSJ9.F7TURBUXkSlwfI9xD69vIH6trGGGmn12hkTrMrlFy5i7eC4SIjiirrNpHtPM0FrwlufN459rILDYS8DPM3vBjNrOGbbfDpk0GuqS7fnP01iwkgJhO5gD-dzxarLuZkJGX1vgK9v2RKOmEQe98oX-k7XMHoFaou6qmJkEGE8jBA78eKYBSdxqUtY7SI8T-J4_nIPNl022gmCXRLPkLlguaFrNHR3Eu0Q4cH2jGRWlR-C2IpCk7v9gB27J1w3SjYQ9d89ySKLEva335pP0rNQlwdp_c6XdIUGwBqrV0d8gJ-o.ERTnLoUs4aaiC1Cne4jCFh4IOXcXJVVfzPF2FX5NN2A&dib_tag=se&keywords=smartphones&qid=1741410658&s=electronics&sprefix=smartphone%2Celectronics%2C194&sr=1-21
B0D4JLSGBB,"Mon, 10 Mar",(14% off),https://m.media-amazon.com/images/I/71XZP2Hm+5L._AC_UY218_.jpg,"₹27,999","₹23,999",Yes,4.0,390,"Motorola Edge 50 Fusion 5G (Marshmallow Blue, 12GB RAM, 256GB Storage)",https://www.amazon.in/Motorola-Fusion-Marshmallow-256GB-Storage/dp/B0D4JLSGBB/ref=sr_1_22?crid=MU2BOMQCUT3U&dib=eyJ2IjoiMSJ9.F7TURBUXkSlwfI9xD69vIH6trGGGmn12hkTrMrlFy5i7eC4SIjiirrNpHtPM0FrwlufN459rILDYS8DPM3vBjNrOGbbfDpk0GuqS7fnP01iwkgJhO5gD-dzxarLuZkJGX1vgK9v2RKOmEQe98oX-k7XMHoFaou6qmJkEGE8jBA78eKYBSdxqUtY7SI8T-J4_nIPNl022gmCXRLPkLlguaFrNHR3Eu0Q4cH2jGRWlR-C2IpCk7v9gB27J1w3SjYQ9d89ySKLEva335pP0rNQlwdp_c6XdIUGwBqrV0d8gJ-o.ERTnLoUs4aaiC1Cne4jCFh4IOXcXJVVfzPF2FX5NN2A&dib_tag=se&keywords=smartphones&qid=1741410658&s=electronics&sprefix=smartphone%2Celectronics%2C194&sr=1-22
B0CJ2JL3B7,"Mon, 10 Mar",(43% off),https://m.media-amazon.com/images/I/81FZXIvAgdL._AC_UY218_.jpg,"₹14,999","₹8,483",Yes,3.9,194,"Samsung Galaxy A05 (Black, 6GB, 128GB Storage) | 50 MP Main Camera | Upto 12GB RAM with RAM Plus | MediaTek Helio G85 | 5000 mAh Battery",https://www.amazon.in/Samsung-Galaxy-Storage-MediaTek-Battery/dp/B0CJ2JL3B7/ref=sr_1_23?crid=MU2BOMQCUT3U&dib=eyJ2IjoiMSJ9.F7TURBUXkSlwfI9xD69vIH6trGGGmn12hkTrMrlFy5i7eC4SIjiirrNpHtPM0FrwlufN459rILDYS8DPM3vBjNrOGbbfDpk0GuqS7fnP01iwkgJhO5gD-dzxarLuZkJGX1vgK9v2RKOmEQe98oX-k7XMHoFaou6qmJkEGE8jBA78eKYBSdxqUtY7SI8T-J4_nIPNl022gmCXRLPkLlguaFrNHR3Eu0Q4cH2jGRWlR-C2IpCk7v9gB27J1w3SjYQ9d89ySKLEva335pP0rNQlwdp_c6XdIUGwBqrV0d8gJ-o.ERTnLoUs4aaiC1Cne4jCFh4IOXcXJVVfzPF2FX5NN2A&dib_tag=se&keywords=smartphones&qid=1741410658&s=electronics&sprefix=smartphone%2Celectronics%2C194&sr=1-23
B07WHQS4LB,"Mon, 10 Mar",(26% off),https://m.media-amazon.com/images/I/619VJYWIbXL._AC_UY218_.jpg,"₹15,499","₹11,499",Yes,4.1,"3,579","iQOO Z9 Lite 5G (Mocha Brown, 6GB RAM, 128GB Storage) | Dimensity 6300 5G | 50MP Sony AI Camera | Charger in The Box",https://www.amazon.in/iQOO-Storage-Dimensity-Camera-Charger/dp/B07WHQS4LB/ref=sr_1_24?crid=MU2BOMQCUT3U&dib=eyJ2IjoiMSJ9.F7TURBUXkSlwfI9xD69vIH6trGGGmn12hkTrMrlFy5i7eC4SIjiirrNpHtPM0FrwlufN459rILDYS8DPM3vBjNrOGbbfDpk0GuqS7fnP01iwkgJhO5gD-dzxarLuZkJGX1vgK9v2RKOmEQe98oX-k7XMHoFaou6qmJkEGE8jBA78eKYBSdxqUtY7SI8T-J4_nIPNl022gmCXRLPkLlguaFrNHR3Eu0Q4cH2jGRWlR-C2IpCk7v9gB27J1w3SjYQ9d89ySKLEva335pP0rNQlwdp_c6XdIUGwBqrV0d8gJ-o.ERTnLoUs4aaiC1Cne4jCFh4IOXcXJVVfzPF2FX5NN2A&dib_tag=se&keywords=smartphones&qid=1741410658&s=electronics&sprefix=smartphone%2Celectronics%2C194&sr=1-24
B0D7W9R1HM,"Tue, 11 Mar, 9 am - 5 pm",(23% off),https://m.media-amazon.com/images/I/71c3EH8FoWL._AC_UY218_.jpg,"₹42,999","₹32,999",No,4.3,"5,130","OnePlus 12R (Sunset Dune, 8GB RAM, 256GB Storage)",https://www.amazon.in/OnePlus-Sunset-Dune-256GB-Storage/dp/B0D7W9R1HM/ref=sr_1_25?crid=MU2BOMQCUT3U&dib=eyJ2IjoiMSJ9.F7TURBUXkSlwfI9xD69vIH6trGGGmn12hkTrMrlFy5i7eC4SIjiirrNpHtPM0FrwlufN459rILDYS8DPM3vBjNrOGbbfDpk0GuqS7fnP01iwkgJhO5gD-dzxarLuZkJGX1vgK9v2RKOmEQe98oX-k7XMHoFaou6qmJkEGE8jBA78eKYBSdxqUtY7SI8T-J4_nIPNl022gmCXRLPkLlguaFrNHR3Eu0Q4cH2jGRWlR-C2IpCk7v9gB27J1w3SjYQ9d89ySKLEva335pP0rNQlwdp_c6XdIUGwBqrV0d8gJ-o.ERTnLoUs4aaiC1Cne4jCFh4IOXcXJVVfzPF2FX5NN2A&dib_tag=se&keywords=smartphones&qid=1741410658&s=electronics&sprefix=smartphone%2Celectronics%2C194&sr=1-25
B0CYBKWQ2V,"Mon, 10 Mar",(34% off),https://m.media-amazon.com/images/I/71bQeLHQF-L._AC_UY218_.jpg,"₹8,999","₹5,899",Yes,4.0,159,POCO C61 Mystical Green 4GB RAM 64GB ROM,https://www.amazon.in/POCO-C61-Mystical-Green-64GB/dp/B0CYBKWQ2V/ref=sr_1_26?crid=MU2BOMQCUT3U&dib=eyJ2IjoiMSJ9.F7TURBUXkSlwfI9xD69vIH6trGGGmn12hkTrMrlFy5i7eC4SIjiirrNpHtPM0FrwlufN459rILDYS8DPM3vBjNrOGbbfDpk0GuqS7fnP01iwkgJhO5gD-dzxarLuZkJGX1vgK9v2RKOmEQe98oX-k7XMHoFaou6qmJkEGE8jBA78eKYBSdxqUtY7SI8T-J4_nIPNl022gmCXRLPkLlguaFrNHR3Eu0Q4cH2jGRWlR-C2IpCk7v9gB27J1w3SjYQ9d89ySKLEva335pP0rNQlwdp_c6XdIUGwBqrV0d8gJ-o.ERTnLoUs4aaiC1Cne4jCFh4IOXcXJVVfzPF2FX5NN2A&dib_tag=se&keywords=smartphones&qid=1741410658&s=electronics&sprefix=smartphone%2Celectronics%2C194&sr=1-26
B0CJ6T135W,"Sun, 16 Mar",(38% off),https://m.media-amazon.com/images/I/51dGqSFNrDL._AC_UY218_.jpg,"₹15,999","₹9,999",Yes,3.9,"6,022","POCO M6 Pro 5G (Power Black, 4GB RAM, 128GB Storage) | Snapdragon 4 Gen 2 | 6.79"" Large Screen with 90Hz Refresh Rate | 50 MP Dual AI Camera",https://www.amazon.in/POCO-Power-Black-128GB-Storage/dp/B0CJ6T135W/ref=sr_1_27?crid=MU2BOMQCUT3U&dib=eyJ2IjoiMSJ9.F7TURBUXkSlwfI9xD69vIH6trGGGmn12hkTrMrlFy5i7eC4SIjiirrNpHtPM0FrwlufN459rILDYS8DPM3vBjNrOGbbfDpk0GuqS7fnP01iwkgJhO5gD-dzxarLuZkJGX1vgK9v2RKOmEQe98oX-k7XMHoFaou6qmJkEGE8jBA78eKYBSdxqUtY7SI8T-J4_nIPNl022gmCXRLPkLlguaFrNHR3Eu0Q4cH2jGRWlR-C2IpCk7v9gB27J1w3SjYQ9d89ySKLEva335pP0rNQlwdp_c6XdIUGwBqrV0d8gJ-o.ERTnLoUs4aaiC1Cne4jCFh4IOXcXJVVfzPF2FX5NN2A&dib_tag=se&keywords=smartphones&qid=1741410658&s=electronics&sprefix=smartphone%2Celectronics%2C194&sr=1-27
B0D945V84N,"Mon, 10 Mar",(17% off),https://m.media-amazon.com/images/I/71r0Ysx+oVL._AC_UY218_.jpg,"₹8,999","₹7,498",Yes,4.0,"2,191","realme NARZO N61 (Voyage Blue,4GB RAM+64GB Storage) 90Hz Eye Comfort Display | IP54 Dust & Water Resistance | 48-Month Fluency | Charger in The Box",https://www.amazon.in/realme-Storage-Comfort-Resistance-48-Month/dp/B0D945V84N/ref=sr_1_28?crid=MU2BOMQCUT3U&dib=eyJ2IjoiMSJ9.F7TURBUXkSlwfI9xD69vIH6trGGGmn12hkTrMrlFy5i7eC4SIjiirrNpHtPM0FrwlufN459rILDYS8DPM3vBjNrOGbbfDpk0GuqS7fnP01iwkgJhO5gD-dzxarLuZkJGX1vgK9v2RKOmEQe98oX-k7XMHoFaou6qmJkEGE8jBA78eKYBSdxqUtY7SI8T-J4_nIPNl022gmCXRLPkLlguaFrNHR3Eu0Q4cH2jGRWlR-C2IpCk7v9gB27J1w3SjYQ9d89ySKLEva335pP0rNQlwdp_c6XdIUGwBqrV0d8gJ-o.ERTnLoUs4aaiC1Cne4jCFh4IOXcXJVVfzPF2FX5NN2A&dib_tag=se&keywords=smartphones&qid=1741410658&s=electronics&sprefix=smartphone%2Celectronics%2C194&sr=1-28
B0DRD7R4DS,"Mon, 10 Mar",(20% off),https://m.media-amazon.com/images/I/61YbS9z3eLL._AC_UY218_.jpg,"₹14,999","₹11,999",Yes,4.0,335,"Tecno POP 9 5G (Aurora Cloud, 8GB+128GB) | D6300 5G Processor | 48MP Sony AI Camera | 4+ Year Lag Free Fluency |5000 mAh Battery |Dual Speaker | 5G with NFC | Without Charger",https://www.amazon.in/sspa/click?ie=UTF8&spc=MTozOTgzNTU2OTAxNzAwNDk3OjE3NDE0MTA2NTg6c3BfYnRmOjMwMDQ5OTYwNDg3MTIzMjo6MDo6&url=%2FTecno-POP-5G-Processor-Fluency%2Fdp%2FB0DRD7R4DS%2Fref%3Dsr_1_29_sspa%3Fcrid%3DMU2BOMQCUT3U%26dib%3DeyJ2IjoiMSJ9.F7TURBUXkSlwfI9xD69vIH6trGGGmn12hkTrMrlFy5i7eC4SIjiirrNpHtPM0FrwlufN459rILDYS8DPM3vBjNrOGbbfDpk0GuqS7fnP01iwkgJhO5gD-dzxarLuZkJGX1vgK9v2RKOmEQe98oX-k7XMHoFaou6qmJkEGE8jBA78eKYBSdxqUtY7SI8T-J4_nIPNl022gmCXRLPkLlguaFrNHR3Eu0Q4cH2jGRWlR-C2IpCk7v9gB27J1w3SjYQ9d89ySKLEva335pP0rNQlwdp_c6XdIUGwBqrV0d8gJ-o.ERTnLoUs4aaiC1Cne4jCFh4IOXcXJVVfzPF2FX5NN2A%26dib_tag%3Dse%26keywords%3Dsmartphones%26qid%3D1741410658%26s%3Delectronics%26sprefix%3Dsmartphone%252Celectronics%252C194%26sr%3D1-29-spons%26sp_csd%3Dd2lkZ2V0TmFtZT1zcF9idGY%26psc%3D1
B0DSKLSV63,"Mon, 10 Mar",N/A,https://m.media-amazon.com/images/I/71-d7XDbhIL._AC_UY218_.jpg,"₹1,41,999","₹1,41,999",Yes,4.4,54,"Samsung Galaxy S25 Ultra 5G AI Smartphone (Titanium Whitesilver, 12GB RAM, 512GB Storage), 200MP Camera, S Pen Included, Long Battery Life",https://www.amazon.in/sspa/click?ie=UTF8&spc=MTozOTgzNTU2OTAxNzAwNDk3OjE3NDE0MTA2NTg6c3BfYnRmOjMwMDQ2NjU4NjA3NzYzMjo6MDo6&url=%2FSamsung-Smartphone-Titanium-Whitesilver-Included%2Fdp%2FB0DSKLSV63%2Fref%3Dsr_1_30_sspa%3Fcrid%3DMU2BOMQCUT3U%26dib%3DeyJ2IjoiMSJ9.F7TURBUXkSlwfI9xD69vIH6trGGGmn12hkTrMrlFy5i7eC4SIjiirrNpHtPM0FrwlufN459rILDYS8DPM3vBjNrOGbbfDpk0GuqS7fnP01iwkgJhO5gD-dzxarLuZkJGX1vgK9v2RKOmEQe98oX-k7XMHoFaou6qmJkEGE8jBA78eKYBSdxqUtY7SI8T-J4_nIPNl022gmCXRLPkLlguaFrNHR3Eu0Q4cH2jGRWlR-C2IpCk7v9gB27J1w3SjYQ9d89ySKLEva335pP0rNQlwdp_c6XdIUGwBqrV0d8gJ-o.ERTnLoUs4aaiC1Cne4jCFh4IOXcXJVVfzPF2FX5NN2A%26dib_tag%3Dse%26keywords%3Dsmartphones%26qid%3D1741410658%26s%3Delectronics%26sprefix%3Dsmartphone%252Celectronics%252C194%26sr%3D1-30-spons%26sp_csd%3Dd2lkZ2V0TmFtZT1zcF9idGY%26psc%3D1
B0DX5MYCRG,N/A,(20% off),https://m.media-amazon.com/images/I/61B6NWbMGZL._AC_UY218_.jpg,"₹17,499","₹13,999",No,N/A,0,"Samsung Galaxy M16 5G (Thunder Black, 6GB RAM, 128 GB Storage) | MediaTek Dimensity 6300 | AnTuTu Score 422K+ | Super Amoled Display | 25W Fast Charging | 6 Gen. of OS Upgrades | Without Charger",https://www.amazon.in/sspa/click?ie=UTF8&spc=MTo1MTk5NjE4MTAyMzEyNjExOjE3NDE0MTA2Njk6c3BfYXRmX25leHQ6MzAwNDk3Mjg0MDAwMzMyOjowOjo&url=%2FSamsung-MediaTek-Dimensity-Charging-Upgrades%2Fdp%2FB0DX5MYCRG%2Fref%3Dsr_1_25_sspa%3Fcrid%3DMU2BOMQCUT3U%26dib%3DeyJ2IjoiMSJ9.GBarX4Q6JsCFWhFmfP4ehcadWn8AJTUi-bzaj2IhtL1yCbSQg3Se9OVdKs7q3XgwVwKeSy9bryB_ppdGOALy7IunFBtvSI0w6l00UmOO_Io8ENTo1za3ahMNtN0O9eW3I4qy3Wyz_Hhr2Q-jZPRaez9hTXkYtBnD05HkHiippEeSgkju2kJRvgmDdbeWAlxBTFwmX_KZR2x_QoDFlvYXhZLDE7QQ1CkGnkJzXTz5nNBWOnIs7pugVIEBtQVmxdjcUQ5UIgsX3ZE19KayHoJJsgBEXHAC-O4yjL6eVghUT0M.hTPcIwiqK_BUvNvyEkJfL4bm2R4YJeb_KVZwFcv7P6w%26dib_tag%3Dse%26keywords%3Dsmartphones%26qid%3D1741410669%26s%3Delectronics%26sprefix%3Dsmartphone%252Celectronics%252C194%26sr%3D1-25-spons%26sp_csd%3Dd2lkZ2V0TmFtZT1zcF9hdGZfbmV4dA%26psc%3D1
B0DX6P3RX9,N/A,(29% off),https://m.media-amazon.com/images/I/61OEiDN4RPL._AC_UY218_.jpg,"₹13,999","₹9,999",No,N/A,0,"Samsung Galaxy M06 5G (Sage Green, 4GB RAM, 128 GB Storage) | MediaTek Dimensity 6300 | AnTuTu Score 422K+ | 12 5G Bands| 25W Fast Charging | 4 Gen. of OS Upgrades | Without Charger",https://www.amazon.in/sspa/click?ie=UTF8&spc=MTo1MTk5NjE4MTAyMzEyNjExOjE3NDE0MTA2Njk6c3BfYXRmX25leHQ6MzAwNDk5MzE5NDc1MDMyOjowOjo&url=%2FSamsung-MediaTek-Dimensity-Charging-Upgrades%2Fdp%2FB0DX6P3RX9%2Fref%3Dsr_1_26_sspa%3Fcrid%3DMU2BOMQCUT3U%26dib%3DeyJ2IjoiMSJ9.GBarX4Q6JsCFWhFmfP4ehcadWn8AJTUi-bzaj2IhtL1yCbSQg3Se9OVdKs7q3XgwVwKeSy9bryB_ppdGOALy7IunFBtvSI0w6l00UmOO_Io8ENTo1za3ahMNtN0O9eW3I4qy3Wyz_Hhr2Q-jZPRaez9hTXkYtBnD05HkHiippEeSgkju2kJRvgmDdbeWAlxBTFwmX_KZR2x_QoDFlvYXhZLDE7QQ1CkGnkJzXTz5nNBWOnIs7pugVIEBtQVmxdjcUQ5UIgsX3ZE19KayHoJJsgBEXHAC-O4yjL6eVghUT0M.hTPcIwiqK_BUvNvyEkJfL4bm2R4YJeb_KVZwFcv7P6w%26dib_tag%3Dse%26keywords%3Dsmartphones%26qid%3D1741410669%26s%3Delectronics%26sprefix%3Dsmartphone%252Celectronics%252C194%26sr%3D1-26-spons%26sp_csd%3Dd2lkZ2V0TmFtZT1zcF9hdGZfbmV4dA%26psc%3D1
B0D9NFLZMQ,N/A,(16% off),https://m.media-amazon.com/images/I/71ocQY+G2XL._AC_UY218_.jpg,"₹15,999","₹13,499",No,4.1,"2,499","realme NARZO N65 5G (Amber Gold 8GB RAM, 128GB Storage) India's 1st D6300 5G Chipset | Ultra Slim Design | 120Hz Eye Comfort Display | 50MP AI Camera| Charger in The Box",https://www.amazon.in/realme-Storage-Chipset-Comfort-Display/dp/B0D9NFLZMQ/ref=sr_1_27?crid=MU2BOMQCUT3U&dib=eyJ2IjoiMSJ9.GBarX4Q6JsCFWhFmfP4ehcadWn8AJTUi-bzaj2IhtL1yCbSQg3Se9OVdKs7q3XgwVwKeSy9bryB_ppdGOALy7IunFBtvSI0w6l00UmOO_Io8ENTo1za3ahMNtN0O9eW3I4qy3Wyz_Hhr2Q-jZPRaez9hTXkYtBnD05HkHiippEeSgkju2kJRvgmDdbeWAlxBTFwmX_KZR2x_QoDFlvYXhZLDE7QQ1CkGnkJzXTz5nNBWOnIs7pugVIEBtQVmxdjcUQ5UIgsX3ZE19KayHoJJsgBEXHAC-O4yjL6eVghUT0M.hTPcIwiqK_BUvNvyEkJfL4bm2R4YJeb_KVZwFcv7P6w&dib_tag=se&keywords=smartphones&qid=1741410669&s=electronics&sprefix=smartphone%2Celectronics%2C194&sr=1-27
B0D93HRDD3,N/A,(28% off),https://m.media-amazon.com/images/I/61VxzkiD1EL._AC_UY218_.jpg,"₹15,499","₹11,111",No,3.7,150,"Vivo T3 Lite 5G Smartphone (Vibrant Green, 6GB Ram 128GB Storage)",https://www.amazon.in/Vivo-Smartphone-Vibrant-Green-Storage/dp/B0D93HRDD3/ref=sr_1_28?crid=MU2BOMQCUT3U&dib=eyJ2IjoiMSJ9.GBarX4Q6JsCFWhFmfP4ehcadWn8AJTUi-bzaj2IhtL1yCbSQg3Se9OVdKs7q3XgwVwKeSy9bryB_ppdGOALy7IunFBtvSI0w6l00UmOO_Io8ENTo1za3ahMNtN0O9eW3I4qy3Wyz_Hhr2Q-jZPRaez9hTXkYtBnD05HkHiippEeSgkju2kJRvgmDdbeWAlxBTFwmX_KZR2x_QoDFlvYXhZLDE7QQ1CkGnkJzXTz5nNBWOnIs7pugVIEBtQVmxdjcUQ5UIgsX3ZE19KayHoJJsgBEXHAC-O4yjL6eVghUT0M.hTPcIwiqK_BUvNvyEkJfL4bm2R4YJeb_KVZwFcv7P6w&dib_tag=se&keywords=smartphones&qid=1741410669&s=electronics&sprefix=smartphone%2Celectronics%2C194&sr=1-28
B0DLW1L5PR,N/A,(25% off),https://m.media-amazon.com/images/I/718HzJbvY1L._AC_UY218_.jpg,"₹10,999","₹8,299",No,4.2,462,"Redmi A4 5G (Starry Black, 4GB RAM, 64GB Storage) | Global Debut SD 4s Gen 2 | Segment Largest 6.88in 120Hz | 50MP Dual Camera | 18W Fast Charging",https://www.amazon.in/Redmi-Storage-Segment-Largest-Charging/dp/B0DLW1L5PR/ref=sr_1_29?crid=MU2BOMQCUT3U&dib=eyJ2IjoiMSJ9.GBarX4Q6JsCFWhFmfP4ehcadWn8AJTUi-bzaj2IhtL1yCbSQg3Se9OVdKs7q3XgwVwKeSy9bryB_ppdGOALy7IunFBtvSI0w6l00UmOO_Io8ENTo1za3ahMNtN0O9eW3I4qy3Wyz_Hhr2Q-jZPRaez9hTXkYtBnD05HkHiippEeSgkju2kJRvgmDdbeWAlxBTFwmX_KZR2x_QoDFlvYXhZLDE7QQ1CkGnkJzXTz5nNBWOnIs7pugVIEBtQVmxdjcUQ5UIgsX3ZE19KayHoJJsgBEXHAC-O4yjL6eVghUT0M.hTPcIwiqK_BUvNvyEkJfL4bm2R4YJeb_KVZwFcv7P6w&dib_tag=se&keywords=smartphones&qid=1741410669&s=electronics&sprefix=smartphone%2Celectronics%2C194&sr=1-29
B0DN1XC123,N/A,(28% off),https://m.media-amazon.com/images/I/61uSijATchL._AC_UY218_.jpg,"₹8,999","₹6,458",No,4.2,46,"Redmi A3X (Midnight Black, 64 GB) (4 GB RAM)",https://www.amazon.in/Redmi-A3X-Midnight-Black-RAM/dp/B0DN1XC123/ref=sr_1_30?crid=MU2BOMQCUT3U&dib=eyJ2IjoiMSJ9.GBarX4Q6JsCFWhFmfP4ehcadWn8AJTUi-bzaj2IhtL1yCbSQg3Se9OVdKs7q3XgwVwKeSy9bryB_ppdGOALy7IunFBtvSI0w6l00UmOO_Io8ENTo1za3ahMNtN0O9eW3I4qy3Wyz_Hhr2Q-jZPRaez9hTXkYtBnD05HkHiippEeSgkju2kJRvgmDdbeWAlxBTFwmX_KZR2x_QoDFlvYXhZLDE7QQ1CkGnkJzXTz5nNBWOnIs7pugVIEBtQVmxdjcUQ5UIgsX3ZE19KayHoJJsgBEXHAC-O4yjL6eVghUT0M.hTPcIwiqK_BUvNvyEkJfL4bm2R4YJeb_KVZwFcv7P6w&dib_tag=se&keywords=smartphones&qid=1741410669&s=electronics&sprefix=smartphone%2Celectronics%2C194&sr=1-30
B0D7Z8CJP8,N/A,(31% off),https://m.media-amazon.com/images/I/8189mzscM6L._AC_UY218_.jpg,"₹24,499","₹16,999",No,4.1,"7,419","Samsung Galaxy M35 5G (Thunder Grey,6GB RAM,128GB Storage)| Corning Gorilla Glass Victus+| AnTuTu Score 595K+ | Vapour Cooling Chamber | 6000mAh Battery | 120Hz Super AMOLED Display| Without Charger",https://www.amazon.in/Samsung-Thunder-Storage-Corning-Gorilla/dp/B0D7Z8CJP8/ref=sr_1_31?crid=MU2BOMQCUT3U&dib=eyJ2IjoiMSJ9.GBarX4Q6JsCFWhFmfP4ehcadWn8AJTUi-bzaj2IhtL1yCbSQg3Se9OVdKs7q3XgwVwKeSy9bryB_ppdGOALy7IunFBtvSI0w6l00UmOO_Io8ENTo1za3ahMNtN0O9eW3I4qy3Wyz_Hhr2Q-jZPRaez9hTXkYtBnD05HkHiippEeSgkju2kJRvgmDdbeWAlxBTFwmX_KZR2x_QoDFlvYXhZLDE7QQ1CkGnkJzXTz5nNBWOnIs7pugVIEBtQVmxdjcUQ5UIgsX3ZE19KayHoJJsgBEXHAC-O4yjL6eVghUT0M.hTPcIwiqK_BUvNvyEkJfL4bm2R4YJeb_KVZwFcv7P6w&dib_tag=se&keywords=smartphones&qid=1741410669&s=electronics&sprefix=smartphone%2Celectronics%2C194&sr=1-31
B0CY9C2KPS,N/A,(40% off),https://m.media-amazon.com/images/I/61Ml1nEENhL._AC_UY218_.jpg,"₹19,999","₹11,999",No,3.9,"1,087","POCO X6 Neo 5G (Astral Black, 8GB RAM, 128GB Storage) | Dimensity 6080 Processor | 5000 mAh Battery + 33W Fast Charging | 108MP + 2MP Rear Camera & 16MP Front Camera",https://www.amazon.in/POCO-Storage-Dimensity-Processor-Charging/dp/B0CY9C2KPS/ref=sr_1_32?crid=MU2BOMQCUT3U&dib=eyJ2IjoiMSJ9.GBarX4Q6JsCFWhFmfP4ehcadWn8AJTUi-bzaj2IhtL1yCbSQg3Se9OVdKs7q3XgwVwKeSy9bryB_ppdGOALy7IunFBtvSI0w6l00UmOO_Io8ENTo1za3ahMNtN0O9eW3I4qy3Wyz_Hhr2Q-jZPRaez9hTXkYtBnD05HkHiippEeSgkju2kJRvgmDdbeWAlxBTFwmX_KZR2x_QoDFlvYXhZLDE7QQ1CkGnkJzXTz5nNBWOnIs7pugVIEBtQVmxdjcUQ5UIgsX3ZE19KayHoJJsgBEXHAC-O4yjL6eVghUT0M.hTPcIwiqK_BUvNvyEkJfL4bm2R4YJeb_KVZwFcv7P6w&dib_tag=se&keywords=smartphones&qid=1741410669&s=electronics&sprefix=smartphone%2Celectronics%2C194&sr=1-32
B07WGPJ82V,N/A,(20% off),https://m.media-amazon.com/images/I/718jcIFYaAL._AC_UY218_.jpg,"₹39,999","₹31,998",No,4.4,"4,459","iQOO Neo9 Pro 5G (Fiery Red, 8GB RAM, 128GB Storage) | Snapdragon 8 Gen 2 Processor | Supercomputing Chip Q1 | Flagship Level Sony IMX920 Camera",https://www.amazon.in/iQOO-Snapdragon-Processor-Supercomputing-Flagship/dp/B07WGPJ82V/ref=sr_1_33?crid=MU2BOMQCUT3U&dib=eyJ2IjoiMSJ9.GBarX4Q6JsCFWhFmfP4ehcadWn8AJTUi-bzaj2IhtL1yCbSQg3Se9OVdKs7q3XgwVwKeSy9bryB_ppdGOALy7IunFBtvSI0w6l00UmOO_Io8ENTo1za3ahMNtN0O9eW3I4qy3Wyz_Hhr2Q-jZPRaez9hTXkYtBnD05HkHiippEeSgkju2kJRvgmDdbeWAlxBTFwmX_KZR2x_QoDFlvYXhZLDE7QQ1CkGnkJzXTz5nNBWOnIs7pugVIEBtQVmxdjcUQ5UIgsX3ZE19KayHoJJsgBEXHAC-O4yjL6eVghUT0M.hTPcIwiqK_BUvNvyEkJfL4bm2R4YJeb_KVZwFcv7P6w&dib_tag=se&keywords=smartphones&qid=1741410669&s=electronics&sprefix=smartphone%2Celectronics%2C194&sr=1-33
B0DQ8XPRYF,N/A,(8% off),https://m.media-amazon.com/images/I/61++T836jiL._AC_UY218_.jpg,"₹51,999","₹47,998",No,4.2,673,"OnePlus 13R | Smarter with OnePlus AI (16GB RAM, 512GB Storage Astral Trail)",https://www.amazon.in/OnePlus-Smarter-512GB-Storage-Astral/dp/B0DQ8XPRYF/ref=sr_1_34?crid=MU2BOMQCUT3U&dib=eyJ2IjoiMSJ9.GBarX4Q6JsCFWhFmfP4ehcadWn8AJTUi-bzaj2IhtL1yCbSQg3Se9OVdKs7q3XgwVwKeSy9bryB_ppdGOALy7IunFBtvSI0w6l00UmOO_Io8ENTo1za3ahMNtN0O9eW3I4qy3Wyz_Hhr2Q-jZPRaez9hTXkYtBnD05HkHiippEeSgkju2kJRvgmDdbeWAlxBTFwmX_KZR2x_QoDFlvYXhZLDE7QQ1CkGnkJzXTz5nNBWOnIs7pugVIEBtQVmxdjcUQ5UIgsX3ZE19KayHoJJsgBEXHAC-O4yjL6eVghUT0M.hTPcIwiqK_BUvNvyEkJfL4bm2R4YJeb_KVZwFcv7P6w&dib_tag=se&keywords=smartphones&qid=1741410669&s=electronics&sprefix=smartphone%2Celectronics%2C194&sr=1-34
B07WDKKJWK,N/A,(29% off),https://m.media-amazon.com/images/I/81eJJYFsztL._AC_UY218_.jpg,"₹18,999","₹13,499",No,4.2,170,"Vivo T3x 5G (Celestial Green, 128 GB) (6 GB RAM)",https://www.amazon.in/Vivo-T3x-Celestial-Green-128/dp/B07WDKKJWK/ref=sr_1_35?crid=MU2BOMQCUT3U&dib=eyJ2IjoiMSJ9.GBarX4Q6JsCFWhFmfP4ehcadWn8AJTUi-bzaj2IhtL1yCbSQg3Se9OVdKs7q3XgwVwKeSy9bryB_ppdGOALy7IunFBtvSI0w6l00UmOO_Io8ENTo1za3ahMNtN0O9eW3I4qy3Wyz_Hhr2Q-jZPRaez9hTXkYtBnD05HkHiippEeSgkju2kJRvgmDdbeWAlxBTFwmX_KZR2x_QoDFlvYXhZLDE7QQ1CkGnkJzXTz5nNBWOnIs7pugVIEBtQVmxdjcUQ5UIgsX3ZE19KayHoJJsgBEXHAC-O4yjL6eVghUT0M.hTPcIwiqK_BUvNvyEkJfL4bm2R4YJeb_KVZwFcv7P6w&dib_tag=se&keywords=smartphones&qid=1741410669&s=electronics&sprefix=smartphone%2Celectronics%2C194&sr=1-35
B07WMQ7GH3,N/A,(27% off),https://m.media-amazon.com/images/I/21ZjM1F9msL._AC_UY218_.jpg,"₹22,999","₹16,738",No,4.1,38,"Vivo T3 5G (Cosmic Blue, 128 GB) (8 GB RAM)",https://www.amazon.in/Vivo-Cosmic-Blue-128-RAM/dp/B07WMQ7GH3/ref=sr_1_36?crid=MU2BOMQCUT3U&dib=eyJ2IjoiMSJ9.GBarX4Q6JsCFWhFmfP4ehcadWn8AJTUi-bzaj2IhtL1yCbSQg3Se9OVdKs7q3XgwVwKeSy9bryB_ppdGOALy7IunFBtvSI0w6l00UmOO_Io8ENTo1za3ahMNtN0O9eW3I4qy3Wyz_Hhr2Q-jZPRaez9hTXkYtBnD05HkHiippEeSgkju2kJRvgmDdbeWAlxBTFwmX_KZR2x_QoDFlvYXhZLDE7QQ1CkGnkJzXTz5nNBWOnIs7pugVIEBtQVmxdjcUQ5UIgsX3ZE19KayHoJJsgBEXHAC-O4yjL6eVghUT0M.hTPcIwiqK_BUvNvyEkJfL4bm2R4YJeb_KVZwFcv7P6w&dib_tag=se&keywords=smartphones&qid=1741410669&s=electronics&sprefix=smartphone%2Celectronics%2C194&sr=1-36
B0DFH4F7Y9,N/A,(17% off),https://m.media-amazon.com/images/I/61XawNzgXTL._AC_UY218_.jpg,"₹7,199","₹5,999",No,3.8,229,"Lava O3 (Glossy Lavender, 4 GB RAM, 64 GB Storage) | Biggest 6.75"" HD+ Display | 13MP AI Dual Rear Camera | 5000 mAh Battery | Secure Face Unlock | Fingerprint Reader | Charger & Phone-Cover in Box",https://www.amazon.in/Lava-Glossy-Lavender-Fingerprint-Phone-Cover/dp/B0DFH4F7Y9/ref=sr_1_37?crid=MU2BOMQCUT3U&dib=eyJ2IjoiMSJ9.GBarX4Q6JsCFWhFmfP4ehcadWn8AJTUi-bzaj2IhtL1yCbSQg3Se9OVdKs7q3XgwVwKeSy9bryB_ppdGOALy7IunFBtvSI0w6l00UmOO_Io8ENTo1za3ahMNtN0O9eW3I4qy3Wyz_Hhr2Q-jZPRaez9hTXkYtBnD05HkHiippEeSgkju2kJRvgmDdbeWAlxBTFwmX_KZR2x_QoDFlvYXhZLDE7QQ1CkGnkJzXTz5nNBWOnIs7pugVIEBtQVmxdjcUQ5UIgsX3ZE19KayHoJJsgBEXHAC-O4yjL6eVghUT0M.hTPcIwiqK_BUvNvyEkJfL4bm2R4YJeb_KVZwFcv7P6w&dib_tag=se&keywords=smartphones&qid=1741410669&s=electronics&sprefix=smartphone%2Celectronics%2C194&sr=1-37
B0D73N7H3W,N/A,(21% off),https://m.media-amazon.com/images/I/81m1SddJ6-L._AC_UY218_.jpg,"₹18,999","₹14,989",No,4.2,190,"Vivo T3x 5G (Crimson Bliss, 128 GB) (6 GB RAM)",https://www.amazon.in/Vivo-T3x-Crimson-Bliss-128/dp/B0D73N7H3W/ref=sr_1_38?crid=MU2BOMQCUT3U&dib=eyJ2IjoiMSJ9.GBarX4Q6JsCFWhFmfP4ehcadWn8AJTUi-bzaj2IhtL1yCbSQg3Se9OVdKs7q3XgwVwKeSy9bryB_ppdGOALy7IunFBtvSI0w6l00UmOO_Io8ENTo1za3ahMNtN0O9eW3I4qy3Wyz_Hhr2Q-jZPRaez9hTXkYtBnD05HkHiippEeSgkju2kJRvgmDdbeWAlxBTFwmX_KZR2x_QoDFlvYXhZLDE7QQ1CkGnkJzXTz5nNBWOnIs7pugVIEBtQVmxdjcUQ5UIgsX3ZE19KayHoJJsgBEXHAC-O4yjL6eVghUT0M.hTPcIwiqK_BUvNvyEkJfL4bm2R4YJeb_KVZwFcv7P6w&dib_tag=se&keywords=smartphones&qid=1741410669&s=electronics&sprefix=smartphone%2Celectronics%2C194&sr=1-38
B07WHQHNZC,N/A,(34% off),https://m.media-amazon.com/images/I/61wHkeTOhWL._AC_UY218_.jpg,"₹18,999","₹12,499",No,4.2,"6,561","iQOO Z9x 5G (Tornado Green, 6GB RAM, 128GB Storage) | Snapdragon 6 Gen 1 with 560k+ AnTuTu Score | 6000mAh Battery with 7.99mm Slim Design | 44W FlashCharge",https://www.amazon.in/sspa/click?ie=UTF8&spc=MTo1MTk5NjE4MTAyMzEyNjExOjE3NDE0MTA2Njk6c3BfbXRmOjMwMDE5MzUwNTg4ODUzMjo6MDo6&url=%2FiQOO-Tornado-Storage-Snapdragon-FlashCharge%2Fdp%2FB07WHQHNZC%2Fref%3Dsr_1_39_sspa%3Fcrid%3DMU2BOMQCUT3U%26dib%3DeyJ2IjoiMSJ9.GBarX4Q6JsCFWhFmfP4ehcadWn8AJTUi-bzaj2IhtL1yCbSQg3Se9OVdKs7q3XgwVwKeSy9bryB_ppdGOALy7IunFBtvSI0w6l00UmOO_Io8ENTo1za3ahMNtN0O9eW3I4qy3Wyz_Hhr2Q-jZPRaez9hTXkYtBnD05HkHiippEeSgkju2kJRvgmDdbeWAlxBTFwmX_KZR2x_QoDFlvYXhZLDE7QQ1CkGnkJzXTz5nNBWOnIs7pugVIEBtQVmxdjcUQ5UIgsX3ZE19KayHoJJsgBEXHAC-O4yjL6eVghUT0M.hTPcIwiqK_BUvNvyEkJfL4bm2R4YJeb_KVZwFcv7P6w%26dib_tag%3Dse%26keywords%3Dsmartphones%26qid%3D1741410669%26s%3Delectronics%26sprefix%3Dsmartphone%252Celectronics%252C194%26sr%3D1-39-spons%26sp_csd%3Dd2lkZ2V0TmFtZT1zcF9tdGY%26psc%3D1
B0DPS62DYH,N/A,(4% off),https://m.media-amazon.com/images/I/61muVCIy-uL._AC_UY218_.jpg,"₹44,999","₹42,998",No,4.2,673,"OnePlus 13R | Smarter with OnePlus AI (12GB RAM, 256GB Storage Nebula Noir)",https://www.amazon.in/sspa/click?ie=UTF8&spc=MTo1MTk5NjE4MTAyMzEyNjExOjE3NDE0MTA2Njk6c3BfbXRmOjMwMDQ2MDUwMDkwOTkzMjo6MDo6&url=%2FOnePlus-13R-Smarter-Storage-Nebula%2Fdp%2FB0DPS62DYH%2Fref%3Dsr_1_40_sspa%3Fcrid%3DMU2BOMQCUT3U%26dib%3DeyJ2IjoiMSJ9.GBarX4Q6JsCFWhFmfP4ehcadWn8AJTUi-bzaj2IhtL1yCbSQg3Se9OVdKs7q3XgwVwKeSy9bryB_ppdGOALy7IunFBtvSI0w6l00UmOO_Io8ENTo1za3ahMNtN0O9eW3I4qy3Wyz_Hhr2Q-jZPRaez9hTXkYtBnD05HkHiippEeSgkju2kJRvgmDdbeWAlxBTFwmX_KZR2x_QoDFlvYXhZLDE7QQ1CkGnkJzXTz5nNBWOnIs7pugVIEBtQVmxdjcUQ5UIgsX3ZE19KayHoJJsgBEXHAC-O4yjL6eVghUT0M.hTPcIwiqK_BUvNvyEkJfL4bm2R4YJeb_KVZwFcv7P6w%26dib_tag%3Dse%26keywords%3Dsmartphones%26qid%3D1741410669%26s%3Delectronics%26sprefix%3Dsmartphone%252Celectronics%252C194%26sr%3D1-40-spons%26sp_csd%3Dd2lkZ2V0TmFtZT1zcF9tdGY%26psc%3D1
B0DCZL2R8L,N/A,(18% off),https://m.media-amazon.com/images/I/618xXkEGjGL._AC_UY218_.jpg,"₹16,999","₹13,999",No,3.8,545,"TECNO POVA 6 NEO 5G (Midnight Shadow, 8GB+256GB) | Advanced AI Features | 108MP Ultra Clear AI Camera | D6300 Powerful Processor | 5 Year Lag Free Fluency | 5000 mAh Battery | InBuilt Infrared and NFC",https://www.amazon.in/Midnight-Advanced-Features-Powerful-Processor/dp/B0DCZL2R8L/ref=sr_1_41?crid=MU2BOMQCUT3U&dib=eyJ2IjoiMSJ9.GBarX4Q6JsCFWhFmfP4ehcadWn8AJTUi-bzaj2IhtL1yCbSQg3Se9OVdKs7q3XgwVwKeSy9bryB_ppdGOALy7IunFBtvSI0w6l00UmOO_Io8ENTo1za3ahMNtN0O9eW3I4qy3Wyz_Hhr2Q-jZPRaez9hTXkYtBnD05HkHiippEeSgkju2kJRvgmDdbeWAlxBTFwmX_KZR2x_QoDFlvYXhZLDE7QQ1CkGnkJzXTz5nNBWOnIs7pugVIEBtQVmxdjcUQ5UIgsX3ZE19KayHoJJsgBEXHAC-O4yjL6eVghUT0M.hTPcIwiqK_BUvNvyEkJfL4bm2R4YJeb_KVZwFcv7P6w&dib_tag=se&keywords=smartphones&qid=1741410669&s=electronics&sprefix=smartphone%2Celectronics%2C194&sr=1-41
B0DLW427YG,N/A,(25% off),https://m.media-amazon.com/images/I/81BGKLI+cWL._AC_UY218_.jpg,"₹10,999","₹8,299",No,4.0,433,"Redmi A4 5G (Sparkle Purple, 4GB RAM, 64GB Storage) | Global Debut SD 4s Gen 2 | Segment Largest 6.88in 120Hz | 50MP Dual Camera | 18W Fast Charging",https://www.amazon.in/Redmi-A4-5G-Sparkle-Charging/dp/B0DLW427YG/ref=sr_1_42?crid=MU2BOMQCUT3U&dib=eyJ2IjoiMSJ9.GBarX4Q6JsCFWhFmfP4ehcadWn8AJTUi-bzaj2IhtL1yCbSQg3Se9OVdKs7q3XgwVwKeSy9bryB_ppdGOALy7IunFBtvSI0w6l00UmOO_Io8ENTo1za3ahMNtN0O9eW3I4qy3Wyz_Hhr2Q-jZPRaez9hTXkYtBnD05HkHiippEeSgkju2kJRvgmDdbeWAlxBTFwmX_KZR2x_QoDFlvYXhZLDE7QQ1CkGnkJzXTz5nNBWOnIs7pugVIEBtQVmxdjcUQ5UIgsX3ZE19KayHoJJsgBEXHAC-O4yjL6eVghUT0M.hTPcIwiqK_BUvNvyEkJfL4bm2R4YJeb_KVZwFcv7P6w&dib_tag=se&keywords=smartphones&qid=1741410669&s=electronics&sprefix=smartphone%2Celectronics%2C194&sr=1-42
B0CYBBB82G,N/A,(34% off),https://m.media-amazon.com/images/I/71fSTJ34SnL._AC_UY218_.jpg,"₹8,999","₹5,899",No,4.0,228,POCO C61 Diamond Dust Black 4GB RAM 64GB ROM,https://www.amazon.in/POCO-Diamond-Dust-Black-64GB/dp/B0CYBBB82G/ref=sr_1_43?crid=MU2BOMQCUT3U&dib=eyJ2IjoiMSJ9.GBarX4Q6JsCFWhFmfP4ehcadWn8AJTUi-bzaj2IhtL1yCbSQg3Se9OVdKs7q3XgwVwKeSy9bryB_ppdGOALy7IunFBtvSI0w6l00UmOO_Io8ENTo1za3ahMNtN0O9eW3I4qy3Wyz_Hhr2Q-jZPRaez9hTXkYtBnD05HkHiippEeSgkju2kJRvgmDdbeWAlxBTFwmX_KZR2x_QoDFlvYXhZLDE7QQ1CkGnkJzXTz5nNBWOnIs7pugVIEBtQVmxdjcUQ5UIgsX3ZE19KayHoJJsgBEXHAC-O4yjL6eVghUT0M.hTPcIwiqK_BUvNvyEkJfL4bm2R4YJeb_KVZwFcv7P6w&dib_tag=se&keywords=smartphones&qid=1741410669&s=electronics&sprefix=smartphone%2Celectronics%2C194&sr=1-43
B0DJC2L66N,N/A,(26% off),https://m.media-amazon.com/images/I/51hJwikRPrL._AC_UY218_.jpg,"₹9,999","₹7,398",No,3.7,45,"Samsung Galaxy F05 (Twilight Blue, 64 GB) (4 GB RAM)",https://www.amazon.in/Samsung-Galaxy-Twilight-Blue-64/dp/B0DJC2L66N/ref=sr_1_44?crid=MU2BOMQCUT3U&dib=eyJ2IjoiMSJ9.GBarX4Q6JsCFWhFmfP4ehcadWn8AJTUi-bzaj2IhtL1yCbSQg3Se9OVdKs7q3XgwVwKeSy9bryB_ppdGOALy7IunFBtvSI0w6l00UmOO_Io8ENTo1za3ahMNtN0O9eW3I4qy3Wyz_Hhr2Q-jZPRaez9hTXkYtBnD05HkHiippEeSgkju2kJRvgmDdbeWAlxBTFwmX_KZR2x_QoDFlvYXhZLDE7QQ1CkGnkJzXTz5nNBWOnIs7pugVIEBtQVmxdjcUQ5UIgsX3ZE19KayHoJJsgBEXHAC-O4yjL6eVghUT0M.hTPcIwiqK_BUvNvyEkJfL4bm2R4YJeb_KVZwFcv7P6w&dib_tag=se&keywords=smartphones&qid=1741410669&s=electronics&sprefix=smartphone%2Celectronics%2C194&sr=1-44
B0CS69DGSW,N/A,(13% off),https://m.media-amazon.com/images/I/71IfBk7ET0L._AC_UY218_.jpg,"₹74,999","₹64,999",No,4.1,557,"Samsung Galaxy S24 5G AI Smartphone (Marble Gray, 8GB, 128GB Storage)",https://www.amazon.in/Samsung-Galaxy-Smartphone-Marble-Storage/dp/B0CS69DGSW/ref=sr_1_45?crid=MU2BOMQCUT3U&dib=eyJ2IjoiMSJ9.GBarX4Q6JsCFWhFmfP4ehcadWn8AJTUi-bzaj2IhtL1yCbSQg3Se9OVdKs7q3XgwVwKeSy9bryB_ppdGOALy7IunFBtvSI0w6l00UmOO_Io8ENTo1za3ahMNtN0O9eW3I4qy3Wyz_Hhr2Q-jZPRaez9hTXkYtBnD05HkHiippEeSgkju2kJRvgmDdbeWAlxBTFwmX_KZR2x_QoDFlvYXhZLDE7QQ1CkGnkJzXTz5nNBWOnIs7pugVIEBtQVmxdjcUQ5UIgsX3ZE19KayHoJJsgBEXHAC-O4yjL6eVghUT0M.hTPcIwiqK_BUvNvyEkJfL4bm2R4YJeb_KVZwFcv7P6w&dib_tag=se&keywords=smartphones&qid=1741410669&s=electronics&sprefix=smartphone%2Celectronics%2C194&sr=1-45
B0D78WD7PY,N/A,(36% off),https://m.media-amazon.com/images/I/81RRU5yR6eL._AC_UY218_.jpg,"₹9,999","₹6,392",No,3.8,289,"Redmi A3X (Olive Green, 3GB RAM, 64GB Storage) | Premium Halo Design | 90Hz Display | Powerful Octa Core Processor",https://www.amazon.in/Redmi-Storage-Premium-Powerful-Processor/dp/B0D78WD7PY/ref=sr_1_46?crid=MU2BOMQCUT3U&dib=eyJ2IjoiMSJ9.GBarX4Q6JsCFWhFmfP4ehcadWn8AJTUi-bzaj2IhtL1yCbSQg3Se9OVdKs7q3XgwVwKeSy9bryB_ppdGOALy7IunFBtvSI0w6l00UmOO_Io8ENTo1za3ahMNtN0O9eW3I4qy3Wyz_Hhr2Q-jZPRaez9hTXkYtBnD05HkHiippEeSgkju2kJRvgmDdbeWAlxBTFwmX_KZR2x_QoDFlvYXhZLDE7QQ1CkGnkJzXTz5nNBWOnIs7pugVIEBtQVmxdjcUQ5UIgsX3ZE19KayHoJJsgBEXHAC-O4yjL6eVghUT0M.hTPcIwiqK_BUvNvyEkJfL4bm2R4YJeb_KVZwFcv7P6w&dib_tag=se&keywords=smartphones&qid=1741410669&s=electronics&sprefix=smartphone%2Celectronics%2C194&sr=1-46
B0DLW44CGS,N/A,(25% off),https://m.media-amazon.com/images/I/81BGKLI+cWL._AC_UY218_.jpg,"₹11,999","₹8,999",No,3.8,516,"Redmi A4 5G (Sparkle Purple, 4GB RAM, 128GB Storage) | Global Debut SD 4s Gen 2 | Segment Largest 6.88in 120Hz | 50MP Dual Camera | 18W Fast Charging",https://www.amazon.in/Redmi-Sparkle-Storage-Segment-Charging/dp/B0DLW44CGS/ref=sr_1_47?crid=MU2BOMQCUT3U&dib=eyJ2IjoiMSJ9.GBarX4Q6JsCFWhFmfP4ehcadWn8AJTUi-bzaj2IhtL1yCbSQg3Se9OVdKs7q3XgwVwKeSy9bryB_ppdGOALy7IunFBtvSI0w6l00UmOO_Io8ENTo1za3ahMNtN0O9eW3I4qy3Wyz_Hhr2Q-jZPRaez9hTXkYtBnD05HkHiippEeSgkju2kJRvgmDdbeWAlxBTFwmX_KZR2x_QoDFlvYXhZLDE7QQ1CkGnkJzXTz5nNBWOnIs7pugVIEBtQVmxdjcUQ5UIgsX3ZE19KayHoJJsgBEXHAC-O4yjL6eVghUT0M.hTPcIwiqK_BUvNvyEkJfL4bm2R4YJeb_KVZwFcv7P6w&dib_tag=se&keywords=smartphones&qid=1741410669&s=electronics&sprefix=smartphone%2Celectronics%2C194&sr=1-47
B07WHQHNZC,N/A,(34% off),https://m.media-amazon.com/images/I/61wHkeTOhWL._AC_UY218_.jpg,"₹18,999","₹12,499",No,4.2,"6,561","iQOO Z9x 5G (Tornado Green, 6GB RAM, 128GB Storage) | Snapdragon 6 Gen 1 with 560k+ AnTuTu Score | 6000mAh Battery with 7.99mm Slim Design | 44W FlashCharge",https://www.amazon.in/iQOO-Tornado-Storage-Snapdragon-FlashCharge/dp/B07WHQHNZC/ref=sr_1_48?crid=MU2BOMQCUT3U&dib=eyJ2IjoiMSJ9.GBarX4Q6JsCFWhFmfP4ehcadWn8AJTUi-bzaj2IhtL1yCbSQg3Se9OVdKs7q3XgwVwKeSy9bryB_ppdGOALy7IunFBtvSI0w6l00UmOO_Io8ENTo1za3ahMNtN0O9eW3I4qy3Wyz_Hhr2Q-jZPRaez9hTXkYtBnD05HkHiippEeSgkju2kJRvgmDdbeWAlxBTFwmX_KZR2x_QoDFlvYXhZLDE7QQ1CkGnkJzXTz5nNBWOnIs7pugVIEBtQVmxdjcUQ5UIgsX3ZE19KayHoJJsgBEXHAC-O4yjL6eVghUT0M.hTPcIwiqK_BUvNvyEkJfL4bm2R4YJeb_KVZwFcv7P6w&dib_tag=se&keywords=smartphones&qid=1741410669&s=electronics&sprefix=smartphone%2Celectronics%2C194&sr=1-48
B0D8123CLN,N/A,(31% off),https://m.media-amazon.com/images/I/81nJiu51M+L._AC_UY218_.jpg,"₹24,499","₹16,999",No,4.1,"7,419","Samsung Galaxy M35 5G (Daybreak Blue,6GB RAM,128GB Storage)| Corning Gorilla Glass Victus+| AnTuTu Score 595K+ | Vapour Cooling Chamber | 6000mAh Battery | 120Hz Super AMOLED Display| Without Charger",https://www.amazon.in/Samsung-Daybreak-Storage-Corning-Gorilla/dp/B0D8123CLN/ref=sr_1_49?crid=MU2BOMQCUT3U&dib=eyJ2IjoiMSJ9.GBarX4Q6JsCFWhFmfP4ehcadWn8AJTUi-bzaj2IhtL1yCbSQg3Se9OVdKs7q3XgwVwKeSy9bryB_ppdGOALy7IunFBtvSI0w6l00UmOO_Io8ENTo1za3ahMNtN0O9eW3I4qy3Wyz_Hhr2Q-jZPRaez9hTXkYtBnD05HkHiippEeSgkju2kJRvgmDdbeWAlxBTFwmX_KZR2x_QoDFlvYXhZLDE7QQ1CkGnkJzXTz5nNBWOnIs7pugVIEBtQVmxdjcUQ5UIgsX3ZE19KayHoJJsgBEXHAC-O4yjL6eVghUT0M.hTPcIwiqK_BUvNvyEkJfL4bm2R4YJeb_KVZwFcv7P6w&dib_tag=se&keywords=smartphones&qid=1741410669&s=electronics&sprefix=smartphone%2Celectronics%2C194&sr=1-49
B0D3WXQN8N,N/A,(30% off),https://m.media-amazon.com/images/I/71w-mmKgIfL._AC_UY218_.jpg,"₹18,999","₹13,225",No,4.1,"5,481","realme NARZO 70x 5G (Ice Blue, 8GB RAM,128GB Storage)|120Hz Ultra Smooth Display|Dimensity 6100+ 6nm 5G|50MP AI Camera|45W Charger in The Box",https://www.amazon.in/realme-Storage-Display-Dimensity-Charger/dp/B0D3WXQN8N/ref=sr_1_50?crid=MU2BOMQCUT3U&dib=eyJ2IjoiMSJ9.GBarX4Q6JsCFWhFmfP4ehcadWn8AJTUi-bzaj2IhtL1yCbSQg3Se9OVdKs7q3XgwVwKeSy9bryB_ppdGOALy7IunFBtvSI0w6l00UmOO_Io8ENTo1za3ahMNtN0O9eW3I4qy3Wyz_Hhr2Q-jZPRaez9hTXkYtBnD05HkHiippEeSgkju2kJRvgmDdbeWAlxBTFwmX_KZR2x_QoDFlvYXhZLDE7QQ1CkGnkJzXTz5nNBWOnIs7pugVIEBtQVmxdjcUQ5UIgsX3ZE19KayHoJJsgBEXHAC-O4yjL6eVghUT0M.hTPcIwiqK_BUvNvyEkJfL4bm2R4YJeb_KVZwFcv7P6w&dib_tag=se&keywords=smartphones&qid=1741410669&s=electronics&sprefix=smartphone%2Celectronics%2C194&sr=1-50
B0D813539C,N/A,(29% off),https://m.media-amazon.com/images/I/8189mzscM6L._AC_UY218_.jpg,"₹25,999","₹18,499",No,4.1,"7,419","Samsung Galaxy M35 5G (Thunder Grey,8GB RAM,128GB Storage)| Corning Gorilla Glass Victus+| AnTuTu Score 595K+ | Vapour Cooling Chamber | 6000mAh Battery | 120Hz Super AMOLED Display| Without Charger",https://www.amazon.in/Samsung-Thunder-Storage-Corning-Gorilla/dp/B0D813539C/ref=sr_1_51?crid=MU2BOMQCUT3U&dib=eyJ2IjoiMSJ9.GBarX4Q6JsCFWhFmfP4ehcadWn8AJTUi-bzaj2IhtL1yCbSQg3Se9OVdKs7q3XgwVwKeSy9bryB_ppdGOALy7IunFBtvSI0w6l00UmOO_Io8ENTo1za3ahMNtN0O9eW3I4qy3Wyz_Hhr2Q-jZPRaez9hTXkYtBnD05HkHiippEeSgkju2kJRvgmDdbeWAlxBTFwmX_KZR2x_QoDFlvYXhZLDE7QQ1CkGnkJzXTz5nNBWOnIs7pugVIEBtQVmxdjcUQ5UIgsX3ZE19KayHoJJsgBEXHAC-O4yjL6eVghUT0M.hTPcIwiqK_BUvNvyEkJfL4bm2R4YJeb_KVZwFcv7P6w&dib_tag=se&keywords=smartphones&qid=1741410669&s=electronics&sprefix=smartphone%2Celectronics%2C194&sr=1-51
B0DMFKJ99G,N/A,(25% off),https://m.media-amazon.com/images/I/61soZY2XVvL._AC_UY218_.jpg,"₹1,19,999","₹89,999",No,3.8,61,"Tecno Phantom V Fold 2 (Karst Green, 12GB+512GB) | Strongest Fold Ever | Largest Battery in Fold Segment-5750mAh | Segment Largest Display | Rear - Triple 50MP Camera with OIS | 70W Fast Charger",https://www.amazon.in/Tecno-Phantom-Strongest-Largest-Segment-5750mAh/dp/B0DMFKJ99G/ref=sr_1_52?crid=MU2BOMQCUT3U&dib=eyJ2IjoiMSJ9.GBarX4Q6JsCFWhFmfP4ehcadWn8AJTUi-bzaj2IhtL1yCbSQg3Se9OVdKs7q3XgwVwKeSy9bryB_ppdGOALy7IunFBtvSI0w6l00UmOO_Io8ENTo1za3ahMNtN0O9eW3I4qy3Wyz_Hhr2Q-jZPRaez9hTXkYtBnD05HkHiippEeSgkju2kJRvgmDdbeWAlxBTFwmX_KZR2x_QoDFlvYXhZLDE7QQ1CkGnkJzXTz5nNBWOnIs7pugVIEBtQVmxdjcUQ5UIgsX3ZE19KayHoJJsgBEXHAC-O4yjL6eVghUT0M.hTPcIwiqK_BUvNvyEkJfL4bm2R4YJeb_KVZwFcv7P6w&dib_tag=se&keywords=smartphones&qid=1741410669&s=electronics&sprefix=smartphone%2Celectronics%2C194&sr=1-52
B07WHS35V6,N/A,(21% off),https://m.media-amazon.com/images/I/61nO5YRaAxL._AC_UY218_.jpg,"₹27,999","₹21,999",No,4.3,"3,391","iQOO Z9s 5G (Onyx Green, 8GB RAM, 256GB Storage) | 120 Hz 3D Curved AMOLED Display | 5500 mAh Ultra-Thin Battery | Dimesity 7300 5G Processor | Sony IMX882 OIS Camera with Aura Light",https://www.amazon.in/sspa/click?ie=UTF8&spc=MTo1MTk5NjE4MTAyMzEyNjExOjE3NDE0MTA2Njk6c3BfYnRmOjMwMDM0NjYzNTMzMjkzMjo6MDo6&url=%2FiQOO-Storage-Ultra-Thin-Dimesity-Processor%2Fdp%2FB07WHS35V6%2Fref%3Dsr_1_53_sspa%3Fcrid%3DMU2BOMQCUT3U%26dib%3DeyJ2IjoiMSJ9.GBarX4Q6JsCFWhFmfP4ehcadWn8AJTUi-bzaj2IhtL1yCbSQg3Se9OVdKs7q3XgwVwKeSy9bryB_ppdGOALy7IunFBtvSI0w6l00UmOO_Io8ENTo1za3ahMNtN0O9eW3I4qy3Wyz_Hhr2Q-jZPRaez9hTXkYtBnD05HkHiippEeSgkju2kJRvgmDdbeWAlxBTFwmX_KZR2x_QoDFlvYXhZLDE7QQ1CkGnkJzXTz5nNBWOnIs7pugVIEBtQVmxdjcUQ5UIgsX3ZE19KayHoJJsgBEXHAC-O4yjL6eVghUT0M.hTPcIwiqK_BUvNvyEkJfL4bm2R4YJeb_KVZwFcv7P6w%26dib_tag%3Dse%26keywords%3Dsmartphones%26qid%3D1741410669%26s%3Delectronics%26sprefix%3Dsmartphone%252Celectronics%252C194%26sr%3D1-53-spons%26sp_csd%3Dd2lkZ2V0TmFtZT1zcF9idGY%26psc%3D1
B0DGMG1DN2,N/A,(17% off),https://m.media-amazon.com/images/I/61v21yxl63L._AC_UY218_.jpg,"₹11,999","₹9,999",No,4.0,335,"Tecno POP 9 5G Azure Sky, 4GB+128GB| Segment's 1st 48MP Sony AI Camera| Segment's 1st 5G with NFC | D6300 5G Processor | 4+ Year Lag Free Fluency |5000 mAh Battery |Dual Speaker |Without Charger",https://www.amazon.in/sspa/click?ie=UTF8&spc=MTo1MTk5NjE4MTAyMzEyNjExOjE3NDE0MTA2Njk6c3BfYnRmOjMwMDM0MTQzMTAzNTgzMjo6MDo6&url=%2FTecno-Segments-Processor-Fluency-Battery%2Fdp%2FB0DGMG1DN2%2Fref%3Dsr_1_54_sspa%3Fcrid%3DMU2BOMQCUT3U%26dib%3DeyJ2IjoiMSJ9.GBarX4Q6JsCFWhFmfP4ehcadWn8AJTUi-bzaj2IhtL1yCbSQg3Se9OVdKs7q3XgwVwKeSy9bryB_ppdGOALy7IunFBtvSI0w6l00UmOO_Io8ENTo1za3ahMNtN0O9eW3I4qy3Wyz_Hhr2Q-jZPRaez9hTXkYtBnD05HkHiippEeSgkju2kJRvgmDdbeWAlxBTFwmX_KZR2x_QoDFlvYXhZLDE7QQ1CkGnkJzXTz5nNBWOnIs7pugVIEBtQVmxdjcUQ5UIgsX3ZE19KayHoJJsgBEXHAC-O4yjL6eVghUT0M.hTPcIwiqK_BUvNvyEkJfL4bm2R4YJeb_KVZwFcv7P6w%26dib_tag%3Dse%26keywords%3Dsmartphones%26qid%3D1741410669%26s%3Delectronics%26sprefix%3Dsmartphone%252Celectronics%252C194%26sr%3D1-54-spons%26sp_csd%3Dd2lkZ2V0TmFtZT1zcF9idGY%26psc%3D1
