asin,delivery,discount,image_url,original_price,price,prime,rating,reviews_count,sponsored,title,url
B0CJM5Z6FY,"Mon, 10 Mar",(34% off),https://m.media-amazon.com/images/I/71n4BPDmUNL._AC_UY218_.jpg,"₹65,387","₹42,990",Yes,4.1,227,Yes,"Sponsored Ad - HP 15s, 12th Gen Intel Core i5-1235U, 8GB DDR4, 512GB SSD, (Win 11, Office 21, Silver, 1.69kg), FY5008TU Anti-Glare, 15.6-inch(39.6cm), FHD Laptop, Intel UHD Graphics, Backlit KB, HD Camera, fq5329tu",https://www.amazon.in/sspa/click?ie=UTF8&spc=MToyNDI4NTUzMTcxMzk5NjczOjE3NDE0MTE5OTY6c3BfYXRmOjMwMDQ5NDMwMzY3NDczMjo6MDo6&url=%2FHP-i5-1235U-FY5008TU-Anti-Glare-15-6-inch%2Fdp%2FB0CJM5Z6FY%2Fref%3Dsr_1_1_sspa%3Fcrid%3D1WDCNLG2RPSXG%26dib%3DeyJ2IjoiMSJ9.LZfCTyVed_tC1nS4zZaoijfivDPBf7LyuAdSbPwJJ6zZEJyHUB1bSq2RAGEuCSuJjCuDi02Ljrxp0TkpC22BgHW6Ya4NcHMGitp2AnDlD5w2aZwQwIprZ4zcP3HGCcy5W0eXD-Zq-KD5WXTGacRnN91ykSY0PFN7cS8Gu2LEkQM6n0TIL0VAu2UY6VT1cbzG6BMzzocYfnuJGBv4CLbkm0am6vqtUAJyL7NTMZPaGhs.jVfUnF_fhvMDis55sv_RolBrFBSmYFtHgRqcyQcjUug%26dib_tag%3Dse%26keywords%3Dlaptops%26qid%3D1741411996%26sprefix%3Dlaptops%252Caps%252C211%26sr%3D8-1-spons%26sp_csd%3Dd2lkZ2V0TmFtZT1zcF9hdGY%26psc%3D1
B0DTK9DZB4,"Mon, 10 Mar",(22% off),https://m.media-amazon.com/images/I/71TfgZ25CaL._AC_UY218_.jpg,"₹73,920","₹57,990",Yes,N/A,0,Yes,"Sponsored Ad - HP 15, 13th Gen Intel Core i5-1334U, 16GB DDR4, 512GB SSD, (Win 11, Office 24, Silver, 1.59kg), Anti-Glare, 15.6-inch(39.6cm) FHD Laptop, Iris Xe Graphics, FHD Camera, Backlit KB, fd0467tu",https://www.amazon.in/sspa/click?ie=UTF8&spc=MToyNDI4NTUzMTcxMzk5NjczOjE3NDE0MTE5OTY6c3BfYXRmOjMwMDQ5MTQ0MzY0MTYzMjo6MDo6&url=%2FHP-i5-1334U-Anti-Glare-15-6-inch-Graphics%2Fdp%2FB0DTK9DZB4%2Fref%3Dsr_1_2_sspa%3Fcrid%3D1WDCNLG2RPSXG%26dib%3DeyJ2IjoiMSJ9.LZfCTyVed_tC1nS4zZaoijfivDPBf7LyuAdSbPwJJ6zZEJyHUB1bSq2RAGEuCSuJjCuDi02Ljrxp0TkpC22BgHW6Ya4NcHMGitp2AnDlD5w2aZwQwIprZ4zcP3HGCcy5W0eXD-Zq-KD5WXTGacRnN91ykSY0PFN7cS8Gu2LEkQM6n0TIL0VAu2UY6VT1cbzG6BMzzocYfnuJGBv4CLbkm0am6vqtUAJyL7NTMZPaGhs.jVfUnF_fhvMDis55sv_RolBrFBSmYFtHgRqcyQcjUug%26dib_tag%3Dse%26keywords%3Dlaptops%26qid%3D1741411996%26sprefix%3Dlaptops%252Caps%252C211%26sr%3D8-2-spons%26sp_csd%3Dd2lkZ2V0TmFtZT1zcF9hdGY%26psc%3D1
B0DG2GCTD7,"Mon, 10 Mar",(43% off),https://m.media-amazon.com/images/I/61fDHkQ6MqL._AC_UY218_.jpg,"₹58,999","₹33,490",Yes,4.0,"1,077",No,"Acer Aspire Lite, AMD Ryzen 5-5625U, 16GB RAM, 512GB SSD, Full HD, 15.6""/39.62cm, Windows 11 Home, Steel Gray, 1.59KG, Premium Metal Body, AL15-41, Thin and Light Laptop",https://www.amazon.in/5-5625U-Premium-Windows-AL15-41-Display/dp/B0DG2GCTD7/ref=sr_1_3?crid=1WDCNLG2RPSXG&dib=eyJ2IjoiMSJ9.LZfCTyVed_tC1nS4zZaoijfivDPBf7LyuAdSbPwJJ6zZEJyHUB1bSq2RAGEuCSuJjCuDi02Ljrxp0TkpC22BgHW6Ya4NcHMGitp2AnDlD5w2aZwQwIprZ4zcP3HGCcy5W0eXD-Zq-KD5WXTGacRnN91ykSY0PFN7cS8Gu2LEkQM6n0TIL0VAu2UY6VT1cbzG6BMzzocYfnuJGBv4CLbkm0am6vqtUAJyL7NTMZPaGhs.jVfUnF_fhvMDis55sv_RolBrFBSmYFtHgRqcyQcjUug&dib_tag=se&keywords=laptops&qid=1741411996&sprefix=laptops%2Caps%2C211&sr=8-3
B0BWS9YNCX,"Mon, 10 Mar",(16% off),https://m.media-amazon.com/images/I/711DWxBrdZL._AC_UY218_.jpg,"₹72,718","₹60,990",Yes,4.1,218,No,"HP Victus, AMD Ryzen 5 5600H, NVIDIA RTX 3050, 16GB DDR4, 512GB SSD (Win11, Office21, Blue, 2.37kg) 144Hz, 9MS, IPS, 15.6-inch(39.6cm) Gaming Laptop, Backlit kb, Enhanced Cooling, fb0106AX/Fb0112AX",https://www.amazon.in/HP-GeForce-Graphics-Response-15-fb0106AX/dp/B0BWS9YNCX/ref=sr_1_4?crid=1WDCNLG2RPSXG&dib=eyJ2IjoiMSJ9.LZfCTyVed_tC1nS4zZaoijfivDPBf7LyuAdSbPwJJ6zZEJyHUB1bSq2RAGEuCSuJjCuDi02Ljrxp0TkpC22BgHW6Ya4NcHMGitp2AnDlD5w2aZwQwIprZ4zcP3HGCcy5W0eXD-Zq-KD5WXTGacRnN91ykSY0PFN7cS8Gu2LEkQM6n0TIL0VAu2UY6VT1cbzG6BMzzocYfnuJGBv4CLbkm0am6vqtUAJyL7NTMZPaGhs.jVfUnF_fhvMDis55sv_RolBrFBSmYFtHgRqcyQcjUug&dib_tag=se&keywords=laptops&qid=1741411996&sprefix=laptops%2Caps%2C211&sr=8-4
B0CDQ5CW9V,"Mon, 10 Mar",(27% off),https://m.media-amazon.com/images/I/61xBASwU+zL._AC_UY218_.jpg,"₹80,990","₹58,990",Yes,4.0,447,No,"ASUS TUF Gaming A15, 15.6"" (39.62cm) FHD 16:9 144Hz, AMD Ryzen 7 7435HS, Gaming Laptop (16 DDR5/512GB SSD/NVIDIA GeForce RTX 2050/Windows 11 Home/Graphite Black/2.30 Kg), FA506NFR-HN045W",https://www.amazon.in/ASUS-Gaming-15-6-39-62cm-FA506NFR-HN045W/dp/B0CDQ5CW9V/ref=sr_1_5?crid=1WDCNLG2RPSXG&dib=eyJ2IjoiMSJ9.LZfCTyVed_tC1nS4zZaoijfivDPBf7LyuAdSbPwJJ6zZEJyHUB1bSq2RAGEuCSuJjCuDi02Ljrxp0TkpC22BgHW6Ya4NcHMGitp2AnDlD5w2aZwQwIprZ4zcP3HGCcy5W0eXD-Zq-KD5WXTGacRnN91ykSY0PFN7cS8Gu2LEkQM6n0TIL0VAu2UY6VT1cbzG6BMzzocYfnuJGBv4CLbkm0am6vqtUAJyL7NTMZPaGhs.jVfUnF_fhvMDis55sv_RolBrFBSmYFtHgRqcyQcjUug&dib_tag=se&keywords=laptops&qid=1741411996&sprefix=laptops%2Caps%2C211&sr=8-5
B0D7PYTTGH,"Mon, 10 Mar",(29% off),https://m.media-amazon.com/images/I/61qlqvTsocL._AC_UY218_.jpg,"₹33,999","₹23,990",Yes,3.4,249,No,"Acer Aspire 3 Laptop Intel Core Celeron N4500 Processor Laptop (8 GB LPDDR4X SDRAM/512 GB SSD/Win11 Home/38 WHR/HD Webcam) A325-45 with 39.63 cm (15.6"") HD Display, Pure Silver, 1.5 KG",https://www.amazon.in/Acer-Celeron-Processor-LPDDR4X-A325-45/dp/B0D7PYTTGH/ref=sr_1_6?crid=1WDCNLG2RPSXG&dib=eyJ2IjoiMSJ9.LZfCTyVed_tC1nS4zZaoijfivDPBf7LyuAdSbPwJJ6zZEJyHUB1bSq2RAGEuCSuJjCuDi02Ljrxp0TkpC22BgHW6Ya4NcHMGitp2AnDlD5w2aZwQwIprZ4zcP3HGCcy5W0eXD-Zq-KD5WXTGacRnN91ykSY0PFN7cS8Gu2LEkQM6n0TIL0VAu2UY6VT1cbzG6BMzzocYfnuJGBv4CLbkm0am6vqtUAJyL7NTMZPaGhs.jVfUnF_fhvMDis55sv_RolBrFBSmYFtHgRqcyQcjUug&dib_tag=se&keywords=laptops&qid=1741411996&sprefix=laptops%2Caps%2C211&sr=8-6
B08N5W4NNB,"Mon, 10 Mar",(29% off),https://m.media-amazon.com/images/I/71jG+e7roXL._AC_UY218_.jpg,"₹92,900","₹65,990",Yes,4.6,"6,467",No,"Apple MacBook Air Laptop: Apple M1 chip, 13.3-inch/33.74 cm Retina Display, 8GB RAM, 256GB SSD Storage, Backlit Keyboard, FaceTime HD Camera, Touch ID. Works with iPhone/iPad; Space Grey",https://www.amazon.in/Apple-MacBook-Chip-13-inch-256GB/dp/B08N5W4NNB/ref=sr_1_7?crid=1WDCNLG2RPSXG&dib=eyJ2IjoiMSJ9.LZfCTyVed_tC1nS4zZaoijfivDPBf7LyuAdSbPwJJ6zZEJyHUB1bSq2RAGEuCSuJjCuDi02Ljrxp0TkpC22BgHW6Ya4NcHMGitp2AnDlD5w2aZwQwIprZ4zcP3HGCcy5W0eXD-Zq-KD5WXTGacRnN91ykSY0PFN7cS8Gu2LEkQM6n0TIL0VAu2UY6VT1cbzG6BMzzocYfnuJGBv4CLbkm0am6vqtUAJyL7NTMZPaGhs.jVfUnF_fhvMDis55sv_RolBrFBSmYFtHgRqcyQcjUug&dib_tag=se&keywords=laptops&qid=1741411996&sprefix=laptops%2Caps%2C211&sr=8-7
B0C3RF3HT3,"Mon, 10 Mar",(25% off),https://m.media-amazon.com/images/I/71Nv3AqrciL._AC_UY218_.jpg,"₹52,273","₹38,990",Yes,4.1,"1,924",No,"HP 15, 13th Gen Intel Core i3-1315U, 8GB DDR4, 512GB SSD, (Win 11, Office 21, Grey, 1.59kg), Anti-Glare, Micro-Edge,15.6-inch(39.6cm), FHD Laptop, Intel UHD Graphics, 1080p FHD Camera, fd0006TU",https://www.amazon.in/HP-i3-1315U-Anti-Glare-Micro-Edge-15-6-inch/dp/B0C3RF3HT3/ref=sr_1_8?crid=1WDCNLG2RPSXG&dib=eyJ2IjoiMSJ9.LZfCTyVed_tC1nS4zZaoijfivDPBf7LyuAdSbPwJJ6zZEJyHUB1bSq2RAGEuCSuJjCuDi02Ljrxp0TkpC22BgHW6Ya4NcHMGitp2AnDlD5w2aZwQwIprZ4zcP3HGCcy5W0eXD-Zq-KD5WXTGacRnN91ykSY0PFN7cS8Gu2LEkQM6n0TIL0VAu2UY6VT1cbzG6BMzzocYfnuJGBv4CLbkm0am6vqtUAJyL7NTMZPaGhs.jVfUnF_fhvMDis55sv_RolBrFBSmYFtHgRqcyQcjUug&dib_tag=se&keywords=laptops&qid=1741411996&sprefix=laptops%2Caps%2C211&sr=8-8
B0DMTPY8PJ,"Wed, 12 Mar",(66% off),https://m.media-amazon.com/images/I/611AaVzaCQL._AC_UY218_.jpg,"₹49,999","₹17,138",Yes,3.3,266,No,(Refurbished) Lenovo ThinkPad 8th Gen Intel Core i5 Thin & Light HD Laptop (16 GB DDR4 RAM/512 GB SSD/14 (35.6 cm) HD/Windows 11/MS Office/WiFi/Bluetooth 4.1/Webcam/Intel Graphics),https://www.amazon.in/Refurbished-Lenovo-ThinkPad-Bluetooth-Graphics/dp/B0DMTPY8PJ/ref=sr_1_9?crid=1WDCNLG2RPSXG&dib=eyJ2IjoiMSJ9.LZfCTyVed_tC1nS4zZaoijfivDPBf7LyuAdSbPwJJ6zZEJyHUB1bSq2RAGEuCSuJjCuDi02Ljrxp0TkpC22BgHW6Ya4NcHMGitp2AnDlD5w2aZwQwIprZ4zcP3HGCcy5W0eXD-Zq-KD5WXTGacRnN91ykSY0PFN7cS8Gu2LEkQM6n0TIL0VAu2UY6VT1cbzG6BMzzocYfnuJGBv4CLbkm0am6vqtUAJyL7NTMZPaGhs.jVfUnF_fhvMDis55sv_RolBrFBSmYFtHgRqcyQcjUug&dib_tag=se&keywords=laptops&qid=1741411996&sprefix=laptops%2Caps%2C211&sr=8-9
B0D9RXH8X5,"Mon, 10 Mar",(51% off),https://m.media-amazon.com/images/I/61JEULUT8QL._AC_UY218_.jpg,"₹34,990","₹16,990",Yes,3.6,"3,193",No,"Chuwi HeroBook Pro 14.1'' Intel Celeron N4020 Laptop with 8GB RAM, 256GB SSD, Windows 11, 1TB Expand, FHD IPS, Ultra Slim, USB3.0, Mini-HDMI, Webcam",https://www.amazon.in/Chuwi-HeroBook-Pro-Celeron-Mini-HDMI/dp/B0D9RXH8X5/ref=sr_1_10?crid=1WDCNLG2RPSXG&dib=eyJ2IjoiMSJ9.LZfCTyVed_tC1nS4zZaoijfivDPBf7LyuAdSbPwJJ6zZEJyHUB1bSq2RAGEuCSuJjCuDi02Ljrxp0TkpC22BgHW6Ya4NcHMGitp2AnDlD5w2aZwQwIprZ4zcP3HGCcy5W0eXD-Zq-KD5WXTGacRnN91ykSY0PFN7cS8Gu2LEkQM6n0TIL0VAu2UY6VT1cbzG6BMzzocYfnuJGBv4CLbkm0am6vqtUAJyL7NTMZPaGhs.jVfUnF_fhvMDis55sv_RolBrFBSmYFtHgRqcyQcjUug&dib_tag=se&keywords=laptops&qid=1741411996&sprefix=laptops%2Caps%2C211&sr=8-10
B0D83G8R99,"Mon, 10 Mar",(19% off),https://m.media-amazon.com/images/I/71I7xDIyINL._AC_UY218_.jpg,"₹48,982","₹39,490",Yes,4.3,14,Yes,"Sponsored Ad - Dell Inspiron 15 3535 Laptop - 15.6 inch FHD (39.62cm) Display, AMD Ryzen 5 7520U, 8 GB RAM, 512 GB SSD, Carbon Black, 1.67Kg, Ideal for Students, Perfect for Learning and Productivity",https://www.amazon.in/sspa/click?ie=UTF8&spc=MToyNDI4NTUzMTcxMzk5NjczOjE3NDE0MTE5OTY6c3BfbXRmOjMwMDM1Mjg3MjU3NTYzMjo6MDo6&url=%2FDell-Inspiron-3535-Laptop-Productivity%2Fdp%2FB0D83G8R99%2Fref%3Dsr_1_11_sspa%3Fcrid%3D1WDCNLG2RPSXG%26dib%3DeyJ2IjoiMSJ9.LZfCTyVed_tC1nS4zZaoijfivDPBf7LyuAdSbPwJJ6zZEJyHUB1bSq2RAGEuCSuJjCuDi02Ljrxp0TkpC22BgHW6Ya4NcHMGitp2AnDlD5w2aZwQwIprZ4zcP3HGCcy5W0eXD-Zq-KD5WXTGacRnN91ykSY0PFN7cS8Gu2LEkQM6n0TIL0VAu2UY6VT1cbzG6BMzzocYfnuJGBv4CLbkm0am6vqtUAJyL7NTMZPaGhs.jVfUnF_fhvMDis55sv_RolBrFBSmYFtHgRqcyQcjUug%26dib_tag%3Dse%26keywords%3Dlaptops%26qid%3D1741411996%26sprefix%3Dlaptops%252Caps%252C211%26sr%3D8-11-spons%26sp_csd%3Dd2lkZ2V0TmFtZT1zcF9tdGY%26psc%3D1
B0BQJ7NMVM,"Mon, 10 Mar",(26% off),https://m.media-amazon.com/images/I/51Rdb1PIcZL._AC_UY218_.jpg,"₹62,415","₹46,490",Yes,3.6,363,Yes,"Sponsored Ad - Dell Vostro 15 3520 Laptop - 15.6 inch (39.62cm) FHD Display, Intel Core i5-1235U, 8 GB RAM, 512 GB SSD, Titan Grey, 1.69Kg, Ideal for Business Users, Perfect for Productivity and Collaboration",https://www.amazon.in/sspa/click?ie=UTF8&spc=MToyNDI4NTUzMTcxMzk5NjczOjE3NDE0MTE5OTY6c3BfbXRmOjMwMDE2OTk5ODA5MzczMjo6MDo6&url=%2FDell-Vostro-3520-Laptop-Collaboration%2Fdp%2FB0BQJ7NMVM%2Fref%3Dsr_1_12_sspa%3Fcrid%3D1WDCNLG2RPSXG%26dib%3DeyJ2IjoiMSJ9.LZfCTyVed_tC1nS4zZaoijfivDPBf7LyuAdSbPwJJ6zZEJyHUB1bSq2RAGEuCSuJjCuDi02Ljrxp0TkpC22BgHW6Ya4NcHMGitp2AnDlD5w2aZwQwIprZ4zcP3HGCcy5W0eXD-Zq-KD5WXTGacRnN91ykSY0PFN7cS8Gu2LEkQM6n0TIL0VAu2UY6VT1cbzG6BMzzocYfnuJGBv4CLbkm0am6vqtUAJyL7NTMZPaGhs.jVfUnF_fhvMDis55sv_RolBrFBSmYFtHgRqcyQcjUug%26dib_tag%3Dse%26keywords%3Dlaptops%26qid%3D1741411996%26sprefix%3Dlaptops%252Caps%252C211%26sr%3D8-12-spons%26sp_csd%3Dd2lkZ2V0TmFtZT1zcF9tdGY%26psc%3D1
B0CKX9PY1H,"Mon, 10 Mar",(48% off),https://m.media-amazon.com/images/I/61IDcxw27+L._AC_UY218_.jpg,"₹25,000","₹12,990",Yes,3.0,337,No,"JioBook 11 with Lifetime Office/Android 4G Laptop Mediatek 8788 (JioOS) / Octa-core/ 4GB RAM / 64 eMMC Storage/Thin and Light Laptop (11.6 inch, 990 Grams)/ Dual Band WiFi + SIM/Blue",https://www.amazon.in/JioBook-Octa-Core-LPDDR4-JioOS-Expandable/dp/B0CKX9PY1H/ref=sr_1_13?crid=1WDCNLG2RPSXG&dib=eyJ2IjoiMSJ9.LZfCTyVed_tC1nS4zZaoijfivDPBf7LyuAdSbPwJJ6zZEJyHUB1bSq2RAGEuCSuJjCuDi02Ljrxp0TkpC22BgHW6Ya4NcHMGitp2AnDlD5w2aZwQwIprZ4zcP3HGCcy5W0eXD-Zq-KD5WXTGacRnN91ykSY0PFN7cS8Gu2LEkQM6n0TIL0VAu2UY6VT1cbzG6BMzzocYfnuJGBv4CLbkm0am6vqtUAJyL7NTMZPaGhs.jVfUnF_fhvMDis55sv_RolBrFBSmYFtHgRqcyQcjUug&dib_tag=se&keywords=laptops&qid=1741411996&sprefix=laptops%2Caps%2C211&sr=8-13
B0DJCNMC4C,"Mon, 10 Mar",(29% off),https://m.media-amazon.com/images/I/51aoXk4rzXL._AC_UY218_.jpg,"₹49,990","₹35,249",Yes,3.1,14,No,"Lenovo V14 G3 (2024), Intel Core i5 12th Gen 1235U - (16GB/512GB SSD/Intel UHD Graphics/DOS) Thin and Light Business Laptop/14.0"" FHD Display/Iron Grey/1.57 kg",https://www.amazon.in/Lenovo-Intel-Core-12th-1235U/dp/B0DJCNMC4C/ref=sr_1_14?crid=1WDCNLG2RPSXG&dib=eyJ2IjoiMSJ9.LZfCTyVed_tC1nS4zZaoijfivDPBf7LyuAdSbPwJJ6zZEJyHUB1bSq2RAGEuCSuJjCuDi02Ljrxp0TkpC22BgHW6Ya4NcHMGitp2AnDlD5w2aZwQwIprZ4zcP3HGCcy5W0eXD-Zq-KD5WXTGacRnN91ykSY0PFN7cS8Gu2LEkQM6n0TIL0VAu2UY6VT1cbzG6BMzzocYfnuJGBv4CLbkm0am6vqtUAJyL7NTMZPaGhs.jVfUnF_fhvMDis55sv_RolBrFBSmYFtHgRqcyQcjUug&dib_tag=se&keywords=laptops&qid=1741411996&sprefix=laptops%2Caps%2C211&sr=8-14
B0D7H15S9Z,"Tue, 11 Mar, 9 am - 5 pm",(29% off),https://m.media-amazon.com/images/I/71bi6Lxl88L._AC_UY218_.jpg,"₹1,26,579","₹89,990",No,3.4,13,No,"HP Victus, 13th Gen Intel Core i7-13620H, 8GB NVIDIA RTX 4060, 16GB DDR4, 1TB SSD (Win11, Office21, Silver, 2.29kg), 144Hz, 9MS, IPS, 15.6-inch(39.6cm), FHD Gaming Laptop, Enhanced Cooling, fa1333TX",https://www.amazon.in/HP-i7-13620H-15-6-inch-Response-15-fa1333TX/dp/B0D7H15S9Z/ref=sr_1_15?crid=1WDCNLG2RPSXG&dib=eyJ2IjoiMSJ9.LZfCTyVed_tC1nS4zZaoijfivDPBf7LyuAdSbPwJJ6zZEJyHUB1bSq2RAGEuCSuJjCuDi02Ljrxp0TkpC22BgHW6Ya4NcHMGitp2AnDlD5w2aZwQwIprZ4zcP3HGCcy5W0eXD-Zq-KD5WXTGacRnN91ykSY0PFN7cS8Gu2LEkQM6n0TIL0VAu2UY6VT1cbzG6BMzzocYfnuJGBv4CLbkm0am6vqtUAJyL7NTMZPaGhs.jVfUnF_fhvMDis55sv_RolBrFBSmYFtHgRqcyQcjUug&dib_tag=se&keywords=laptops&qid=1741411996&sprefix=laptops%2Caps%2C211&sr=8-15
B0872G2MPV,"Mon, 10 Mar",(75% off),https://m.media-amazon.com/images/I/51EuJs4AGpL._AC_UY218_.jpg,"₹98,760","₹24,990",Yes,5.0,2,No,"Lenovo V15 G4 AMD Athlon Silver 7120U Laptop 8GB LPDDR5 Ram, 512 GB SSD PCIe, Windows 11/MS Office,15.6"" FHD Screen, AMD Radeon 610M, Silver, 1 Year Brand Warranty",https://www.amazon.in/Lenovo-Athlon-Laptop-Windows-Warranty/dp/B0872G2MPV/ref=sr_1_16?crid=1WDCNLG2RPSXG&dib=eyJ2IjoiMSJ9.LZfCTyVed_tC1nS4zZaoijfivDPBf7LyuAdSbPwJJ6zZEJyHUB1bSq2RAGEuCSuJjCuDi02Ljrxp0TkpC22BgHW6Ya4NcHMGitp2AnDlD5w2aZwQwIprZ4zcP3HGCcy5W0eXD-Zq-KD5WXTGacRnN91ykSY0PFN7cS8Gu2LEkQM6n0TIL0VAu2UY6VT1cbzG6BMzzocYfnuJGBv4CLbkm0am6vqtUAJyL7NTMZPaGhs.jVfUnF_fhvMDis55sv_RolBrFBSmYFtHgRqcyQcjUug&dib_tag=se&keywords=laptops&qid=1741411996&sprefix=laptops%2Caps%2C211&sr=8-16
B0DJCWZ5BT,"Mon, 10 Mar",(21% off),https://m.media-amazon.com/images/I/71-S1RFX3qL._AC_UY218_.jpg,"₹32,078","₹25,490",Yes,3.8,12,No,HP Laptop 245 G9 AMD Ryzen 3 3250U Dual Core - (8GB/512GB SSD/AMD Radeon Graphics) Thin and Light Business Laptop/14 (35.56cm)/Silver/1.47 kg,https://www.amazon.in/HP-Laptop-245-G9-Ryzen/dp/B0DJCWZ5BT/ref=sr_1_17?crid=1WDCNLG2RPSXG&dib=eyJ2IjoiMSJ9.LZfCTyVed_tC1nS4zZaoijfivDPBf7LyuAdSbPwJJ6zZEJyHUB1bSq2RAGEuCSuJjCuDi02Ljrxp0TkpC22BgHW6Ya4NcHMGitp2AnDlD5w2aZwQwIprZ4zcP3HGCcy5W0eXD-Zq-KD5WXTGacRnN91ykSY0PFN7cS8Gu2LEkQM6n0TIL0VAu2UY6VT1cbzG6BMzzocYfnuJGBv4CLbkm0am6vqtUAJyL7NTMZPaGhs.jVfUnF_fhvMDis55sv_RolBrFBSmYFtHgRqcyQcjUug&dib_tag=se&keywords=laptops&qid=1741411996&sprefix=laptops%2Caps%2C211&sr=8-17
B0DS8Y725N,"Mon, 10 Mar",(59% off),https://m.media-amazon.com/images/I/71CQ2SFwyZL._AC_UY218_.jpg,"₹72,990","₹29,950",Yes,3.7,11,No,"HP 255 G10 AMD Ryzen 5 Quad Core 7520U 2.8Ghz Upto 4.3Ghz - (8 GB/512 GB SSD) 255 G10 Thin and Light Laptop (15.6 inch, Matt Silver, 1.45 kg)",https://www.amazon.in/HP-Ryzen-7520U-2-8Ghz-4-3Ghz/dp/B0DS8Y725N/ref=sr_1_18?crid=1WDCNLG2RPSXG&dib=eyJ2IjoiMSJ9.LZfCTyVed_tC1nS4zZaoijfivDPBf7LyuAdSbPwJJ6zZEJyHUB1bSq2RAGEuCSuJjCuDi02Ljrxp0TkpC22BgHW6Ya4NcHMGitp2AnDlD5w2aZwQwIprZ4zcP3HGCcy5W0eXD-Zq-KD5WXTGacRnN91ykSY0PFN7cS8Gu2LEkQM6n0TIL0VAu2UY6VT1cbzG6BMzzocYfnuJGBv4CLbkm0am6vqtUAJyL7NTMZPaGhs.jVfUnF_fhvMDis55sv_RolBrFBSmYFtHgRqcyQcjUug&dib_tag=se&keywords=laptops&qid=1741411996&sprefix=laptops%2Caps%2C211&sr=8-18
B0D39BVJ7Y,"Mon, 10 Mar",(36% off),https://m.media-amazon.com/images/I/41U0mEisocL._AC_UY218_.jpg,"₹62,100","₹39,990",Yes,4.2,73,No,"Lenovo V15 AMD Ryzen 7 7730U 15.6"" (39.62cm) FHD 250 Nits Antiglare Thin and Light Laptop (16GB/512GB SSD/Windows 11/Iron Grey/1.65 Kg) Grey",https://www.amazon.in/Lenovo-Ryzen-39-62cm-Antiglare-Laptop/dp/B0D39BVJ7Y/ref=sr_1_19?crid=1WDCNLG2RPSXG&dib=eyJ2IjoiMSJ9.LZfCTyVed_tC1nS4zZaoijfivDPBf7LyuAdSbPwJJ6zZEJyHUB1bSq2RAGEuCSuJjCuDi02Ljrxp0TkpC22BgHW6Ya4NcHMGitp2AnDlD5w2aZwQwIprZ4zcP3HGCcy5W0eXD-Zq-KD5WXTGacRnN91ykSY0PFN7cS8Gu2LEkQM6n0TIL0VAu2UY6VT1cbzG6BMzzocYfnuJGBv4CLbkm0am6vqtUAJyL7NTMZPaGhs.jVfUnF_fhvMDis55sv_RolBrFBSmYFtHgRqcyQcjUug&dib_tag=se&keywords=laptops&qid=1741411996&sprefix=laptops%2Caps%2C211&sr=8-19
B0B3C9ZHJZ,"Mon, 10 Mar",(47% off),https://m.media-amazon.com/images/I/71f5Eu5lJSL._AC_UY218_.jpg,"₹1,49,900","₹78,990",Yes,4.5,35,No,"Apple MacBook Air Laptop with M2 chip: 34.46 cm (13.6-inch) Liquid Retina Display, 8GB RAM, 512GB SSD Storage, Backlit Keyboard, 1080p FaceTime HD Camera. Works with iPhone/iPad; Space Grey",https://www.amazon.in/2022-Apple-MacBook-Laptop-chip/dp/B0B3C9ZHJZ/ref=sr_1_20?crid=1WDCNLG2RPSXG&dib=eyJ2IjoiMSJ9.LZfCTyVed_tC1nS4zZaoijfivDPBf7LyuAdSbPwJJ6zZEJyHUB1bSq2RAGEuCSuJjCuDi02Ljrxp0TkpC22BgHW6Ya4NcHMGitp2AnDlD5w2aZwQwIprZ4zcP3HGCcy5W0eXD-Zq-KD5WXTGacRnN91ykSY0PFN7cS8Gu2LEkQM6n0TIL0VAu2UY6VT1cbzG6BMzzocYfnuJGBv4CLbkm0am6vqtUAJyL7NTMZPaGhs.jVfUnF_fhvMDis55sv_RolBrFBSmYFtHgRqcyQcjUug&dib_tag=se&keywords=laptops&qid=1741411996&sprefix=laptops%2Caps%2C211&sr=8-20
B0DGLCTZXX,"Mon, 10 Mar",(23% off),https://m.media-amazon.com/images/I/61fsBFww9DL._AC_UY218_.jpg,"₹69,990","₹53,899",Yes,3.9,76,Yes,"Sponsored Ad - ASUS Vivobook 16"" FHD+ (1920 X 1200), 60Hz 300Nits, Core i5-12500H, (16GB RAM/512GB SSD/Intel Iris X? Graphics/Win 11/Office Home/Fingerprint/42Whr Battery/Transparent Silver/1.88Kg), X1605ZAC-MB541WS",https://www.amazon.in/sspa/click?ie=UTF8&spc=MToyNDI4NTUzMTcxMzk5NjczOjE3NDE0MTE5OTY6c3BfYnRmOjMwMDM0MjMwNzMyNzMzMjo6MDo6&url=%2FASUS-i5-12500H-Fingerprint-Transparent-X1605ZAC-MB541WS%2Fdp%2FB0DGLCTZXX%2Fref%3Dsr_1_21_sspa%3Fcrid%3D1WDCNLG2RPSXG%26dib%3DeyJ2IjoiMSJ9.LZfCTyVed_tC1nS4zZaoijfivDPBf7LyuAdSbPwJJ6zZEJyHUB1bSq2RAGEuCSuJjCuDi02Ljrxp0TkpC22BgHW6Ya4NcHMGitp2AnDlD5w2aZwQwIprZ4zcP3HGCcy5W0eXD-Zq-KD5WXTGacRnN91ykSY0PFN7cS8Gu2LEkQM6n0TIL0VAu2UY6VT1cbzG6BMzzocYfnuJGBv4CLbkm0am6vqtUAJyL7NTMZPaGhs.jVfUnF_fhvMDis55sv_RolBrFBSmYFtHgRqcyQcjUug%26dib_tag%3Dse%26keywords%3Dlaptops%26qid%3D1741411996%26sprefix%3Dlaptops%252Caps%252C211%26sr%3D8-21-spons%26sp_csd%3Dd2lkZ2V0TmFtZT1zcF9idGY%26psc%3D1
B0BQJ7WR2R,"Mon, 10 Mar",(24% off),https://m.media-amazon.com/images/I/61-Y-eWXqtL._AC_UY218_.jpg,"₹68,718","₹51,990",Yes,3.7,897,Yes,"Sponsored Ad - Dell 15 Thin & Light Laptop, Intel Core i5-1235U Processor/16GB DDR4 + 512GB SSD/Intel UHD Graphics/15.6"" (39.62cm) FHD Display/Win 11 + MSO'21/15 Month McAfee/Carbon Black/Spill Resistant KB/1.69kg",https://www.amazon.in/sspa/click?ie=UTF8&spc=MToyNDI4NTUzMTcxMzk5NjczOjE3NDE0MTE5OTY6c3BfYnRmOjMwMDE5NzEyNzEyODEzMjo6MDo6&url=%2FDell-15-Processor-Antivirus-Spill-Resistant%2Fdp%2FB0BQJ7WR2R%2Fref%3Dsr_1_22_sspa%3Fcrid%3D1WDCNLG2RPSXG%26dib%3DeyJ2IjoiMSJ9.LZfCTyVed_tC1nS4zZaoijfivDPBf7LyuAdSbPwJJ6zZEJyHUB1bSq2RAGEuCSuJjCuDi02Ljrxp0TkpC22BgHW6Ya4NcHMGitp2AnDlD5w2aZwQwIprZ4zcP3HGCcy5W0eXD-Zq-KD5WXTGacRnN91ykSY0PFN7cS8Gu2LEkQM6n0TIL0VAu2UY6VT1cbzG6BMzzocYfnuJGBv4CLbkm0am6vqtUAJyL7NTMZPaGhs.jVfUnF_fhvMDis55sv_RolBrFBSmYFtHgRqcyQcjUug%26dib_tag%3Dse%26keywords%3Dlaptops%26qid%3D1741411996%26sprefix%3Dlaptops%252Caps%252C211%26sr%3D8-22-spons%26sp_csd%3Dd2lkZ2V0TmFtZT1zcF9idGY%26psc%3D1
B0DL5N2TFC,"Mon, 10 Mar",(26% off),https://m.media-amazon.com/images/I/71xfR660ZmL._AC_UY218_.jpg,"₹86,890","₹64,490",Yes,3.9,783,Yes,"Sponsored Ad - Lenovo IdeaPad Slim 3 13th Gen Intel Core i7-13620H 15.6"" (39.62cm) FHDIPS300 Nits Thin&Light Laptop (16GB/512GB SSD/Intel UHDGraphics/Win11/Office Home 2024/1YrADP Free/ARCTIC-Grey/1.6Kg), 83EM00GTIN",https://www.amazon.in/sspa/click?ie=UTF8&spc=MTo2OTYyMTgxNTM3MDY5NDk3OjE3NDE0MTIwMDE6c3BfYXRmX25leHQ6MzAwNDEzNDUxNjI4MDMyOjowOjo&url=%2FLenovo-i7-13620H-UHDGraphics-ARCTIC-Grey-83EM00GTIN%2Fdp%2FB0DL5N2TFC%2Fref%3Dsr_1_17_sspa%3Fcrid%3D1WDCNLG2RPSXG%26dib%3DeyJ2IjoiMSJ9.7ANqTKA1cVkzHiAcvB5oA0tBKi035AJoTKb6AGC56h5SOLsJyrUKOfgFRgqOKJiAJ8tHjtatDy3EDcmh99TCfD3q0IQhYqgczvcqY5TtAh99cOowGpK_e7dTOisz7ulMfDa7c3NB26DSJT-BjCY82I2tuqLz-OLUONpQxavnUsjuRih-ufGc-JHsknpDPd4JonghDZUzBCdsklhtd9zpBkKXEAS8jo-0MWkf-KiUIew.RcYmUawglKgtm65IxhKRnIXwSX1cAvUm1UywTjC163Q%26dib_tag%3Dse%26keywords%3Dlaptops%26qid%3D1741412001%26sprefix%3Dlaptops%252Caps%252C211%26sr%3D8-17-spons%26sp_csd%3Dd2lkZ2V0TmFtZT1zcF9hdGZfbmV4dA%26psc%3D1
B0DX1VZDTG,FREE delivery,(22% off),https://m.media-amazon.com/images/I/71KTjPdfdtL._AC_UY218_.jpg,"₹84,990","₹65,990",No,N/A,0,Yes,"Sponsored Ad - ASUS Vivobook 16, Snapdragon X Processor,(Qualcomm Adreno iGPU/16GB RAM/512GB SSD/Windows 11 Home/MS Office 365 Basic (1Year)*/16"" FHD+/AI PC/Quiet Blue/1.88 kg), X1607QA-MB049WS",https://www.amazon.in/sspa/click?ie=UTF8&spc=MTo2OTYyMTgxNTM3MDY5NDk3OjE3NDE0MTIwMDE6c3BfYXRmX25leHQ6MzAwNDg5NTk4MTczMDMyOjowOjo&url=%2FASUS-Vivobook-Snapdragon-Processor-X1607QA-MB049WS%2Fdp%2FB0DX1VZDTG%2Fref%3Dsr_1_18_sspa%3Fcrid%3D1WDCNLG2RPSXG%26dib%3DeyJ2IjoiMSJ9.7ANqTKA1cVkzHiAcvB5oA0tBKi035AJoTKb6AGC56h5SOLsJyrUKOfgFRgqOKJiAJ8tHjtatDy3EDcmh99TCfD3q0IQhYqgczvcqY5TtAh99cOowGpK_e7dTOisz7ulMfDa7c3NB26DSJT-BjCY82I2tuqLz-OLUONpQxavnUsjuRih-ufGc-JHsknpDPd4JonghDZUzBCdsklhtd9zpBkKXEAS8jo-0MWkf-KiUIew.RcYmUawglKgtm65IxhKRnIXwSX1cAvUm1UywTjC163Q%26dib_tag%3Dse%26keywords%3Dlaptops%26qid%3D1741412001%26sprefix%3Dlaptops%252Caps%252C211%26sr%3D8-18-spons%26sp_csd%3Dd2lkZ2V0TmFtZT1zcF9hdGZfbmV4dA%26psc%3D1
B0DL5N2TFC,"Mon, 10 Mar",(26% off),https://m.media-amazon.com/images/I/71xfR660ZmL._AC_UY218_.jpg,"₹86,890","₹64,490",Yes,3.9,783,No,"Lenovo IdeaPad Slim 3 13th Gen Intel Core i7-13620H 15.6"" (39.62cm) FHDIPS300 Nits Thin&Light Laptop (16GB/512GB SSD/Intel UHDGraphics/Win11/Office Home 2024/1YrADP Free/ARCTIC-Grey/1.6Kg), 83EM00GTIN",https://www.amazon.in/Lenovo-i7-13620H-UHDGraphics-ARCTIC-Grey-83EM00GTIN/dp/B0DL5N2TFC/ref=sr_1_19?crid=1WDCNLG2RPSXG&dib=eyJ2IjoiMSJ9.7ANqTKA1cVkzHiAcvB5oA0tBKi035AJoTKb6AGC56h5SOLsJyrUKOfgFRgqOKJiAJ8tHjtatDy3EDcmh99TCfD3q0IQhYqgczvcqY5TtAh99cOowGpK_e7dTOisz7ulMfDa7c3NB26DSJT-BjCY82I2tuqLz-OLUONpQxavnUsjuRih-ufGc-JHsknpDPd4JonghDZUzBCdsklhtd9zpBkKXEAS8jo-0MWkf-KiUIew.RcYmUawglKgtm65IxhKRnIXwSX1cAvUm1UywTjC163Q&dib_tag=se&keywords=laptops&qid=1741412001&sprefix=laptops%2Caps%2C211&sr=8-19
B0C28FKJXG,"Mon, 10 Mar",(73% off),https://m.media-amazon.com/images/I/516btukUorL._AC_UY218_.jpg,"₹79,000","₹20,950",Yes,3.9,448,No,"Lenovo V15 Intel Celeron N4500 15.6"" (39.62 cm) FHD (1920x1080) Antiglare 250 Nits Thin and Light Laptop (8GB RAM/256GB SSD/Windows 11 Home/Black/1Y Onsite/1.7 kg), 82QYA00MIN",https://www.amazon.in/Lenovo-Celeron-1920x1080-Antiglare-82QYA00MIN/dp/B0C28FKJXG/ref=sr_1_20?crid=1WDCNLG2RPSXG&dib=eyJ2IjoiMSJ9.7ANqTKA1cVkzHiAcvB5oA0tBKi035AJoTKb6AGC56h5SOLsJyrUKOfgFRgqOKJiAJ8tHjtatDy3EDcmh99TCfD3q0IQhYqgczvcqY5TtAh99cOowGpK_e7dTOisz7ulMfDa7c3NB26DSJT-BjCY82I2tuqLz-OLUONpQxavnUsjuRih-ufGc-JHsknpDPd4JonghDZUzBCdsklhtd9zpBkKXEAS8jo-0MWkf-KiUIew.RcYmUawglKgtm65IxhKRnIXwSX1cAvUm1UywTjC163Q&dib_tag=se&keywords=laptops&qid=1741412001&sprefix=laptops%2Caps%2C211&sr=8-20
B0BTWF2BQX,"Mon, 10 Mar",(33% off),https://m.media-amazon.com/images/I/61SJHAQfHwL._AC_UY218_.jpg,"₹60,990","₹40,990",Yes,4.0,131,No,"ASUS Vivobook Go 15 (2023), AMD Ryzen 5 7520U, 15.6"" (39.62 cm) FHD, Thin & Light Laptop (16GB/512GB SSD/Windows 11/Office 2021/Alexa Built-in/Mixed Black/1.63 kg), E1504FA-NJ542WS",https://www.amazon.in/ASUS-Vivobook-Laptop-Windows-E1504FA-NJ542WS/dp/B0BTWF2BQX/ref=sr_1_21?crid=1WDCNLG2RPSXG&dib=eyJ2IjoiMSJ9.7ANqTKA1cVkzHiAcvB5oA0tBKi035AJoTKb6AGC56h5SOLsJyrUKOfgFRgqOKJiAJ8tHjtatDy3EDcmh99TCfD3q0IQhYqgczvcqY5TtAh99cOowGpK_e7dTOisz7ulMfDa7c3NB26DSJT-BjCY82I2tuqLz-OLUONpQxavnUsjuRih-ufGc-JHsknpDPd4JonghDZUzBCdsklhtd9zpBkKXEAS8jo-0MWkf-KiUIew.RcYmUawglKgtm65IxhKRnIXwSX1cAvUm1UywTjC163Q&dib_tag=se&keywords=laptops&qid=1741412001&sprefix=laptops%2Caps%2C211&sr=8-21
B0BP2M7CCS,N/A,(5% off),https://m.media-amazon.com/images/I/71bRz-UEILL._AC_UY218_.jpg,"₹38,990","₹36,890",No,4.1,"1,181",No,"HP 15s, 12th Gen Intel Core i3-1215U, 8GB DDR4, 512GB SSD, (Win 11, Office 21, Silver, 1.69kg) Anti-glare, Micro-edge, 15.6-inch(39.6cm) FHD laptop, Intel UHD Graphics, HD camera, Backlit KB, fq5327tu",https://www.amazon.in/HP-i3-1215U-15-6-inch-Graphics-Speakers/dp/B0BP2M7CCS/ref=sr_1_22?crid=1WDCNLG2RPSXG&dib=eyJ2IjoiMSJ9.7ANqTKA1cVkzHiAcvB5oA0tBKi035AJoTKb6AGC56h5SOLsJyrUKOfgFRgqOKJiAJ8tHjtatDy3EDcmh99TCfD3q0IQhYqgczvcqY5TtAh99cOowGpK_e7dTOisz7ulMfDa7c3NB26DSJT-BjCY82I2tuqLz-OLUONpQxavnUsjuRih-ufGc-JHsknpDPd4JonghDZUzBCdsklhtd9zpBkKXEAS8jo-0MWkf-KiUIew.RcYmUawglKgtm65IxhKRnIXwSX1cAvUm1UywTjC163Q&dib_tag=se&keywords=laptops&qid=1741412001&sprefix=laptops%2Caps%2C211&sr=8-22
B0DJCXBC3X,"Mon, 10 Mar",(46% off),https://m.media-amazon.com/images/I/71hEe+kRUXL._AC_UY218_.jpg,"₹49,990","₹27,240",Yes,3.5,6,No,"HP Laptop 255 G9 AMD Ryzen 3 3250U Dual Core - (8GB/512GB SSD/AMD Radeon Graphics) Thin and Light Business Laptop/15.6"" (39.62cm)/Black/1.47 kg",https://www.amazon.in/HP-Laptop-255-G9-Ryzen/dp/B0DJCXBC3X/ref=sr_1_23?crid=1WDCNLG2RPSXG&dib=eyJ2IjoiMSJ9.7ANqTKA1cVkzHiAcvB5oA0tBKi035AJoTKb6AGC56h5SOLsJyrUKOfgFRgqOKJiAJ8tHjtatDy3EDcmh99TCfD3q0IQhYqgczvcqY5TtAh99cOowGpK_e7dTOisz7ulMfDa7c3NB26DSJT-BjCY82I2tuqLz-OLUONpQxavnUsjuRih-ufGc-JHsknpDPd4JonghDZUzBCdsklhtd9zpBkKXEAS8jo-0MWkf-KiUIew.RcYmUawglKgtm65IxhKRnIXwSX1cAvUm1UywTjC163Q&dib_tag=se&keywords=laptops&qid=1741412001&sprefix=laptops%2Caps%2C211&sr=8-23
B0CGRQWCD7,"Mon, 10 Mar",(38% off),https://m.media-amazon.com/images/I/41eQ+crZYWL._AC_UY218_.jpg,"₹29,999","₹18,600",Yes,3.2,174,No,"(Refurbished) Dell Latitude Laptop 5400 Intel Core i5 Mobile-8th Gen -Processor , 16 GB Ram & 512 GB SSD, 14 Inches FHD 1080p Screen Notebook Computer",https://www.amazon.in/Refurbished-Dell-Latitude-Mobile-8th-Processor/dp/B0CGRQWCD7/ref=sr_1_24?crid=1WDCNLG2RPSXG&dib=eyJ2IjoiMSJ9.7ANqTKA1cVkzHiAcvB5oA0tBKi035AJoTKb6AGC56h5SOLsJyrUKOfgFRgqOKJiAJ8tHjtatDy3EDcmh99TCfD3q0IQhYqgczvcqY5TtAh99cOowGpK_e7dTOisz7ulMfDa7c3NB26DSJT-BjCY82I2tuqLz-OLUONpQxavnUsjuRih-ufGc-JHsknpDPd4JonghDZUzBCdsklhtd9zpBkKXEAS8jo-0MWkf-KiUIew.RcYmUawglKgtm65IxhKRnIXwSX1cAvUm1UywTjC163Q&dib_tag=se&keywords=laptops&qid=1741412001&sprefix=laptops%2Caps%2C211&sr=8-24
B0C3RCR4K7,"Mon, 10 Mar",(31% off),https://m.media-amazon.com/images/I/71ENlYdEzLL._AC_UY218_.jpg,"₹46,577","₹32,312",Yes,4.0,68,No,"HP 15 AMD Ryzen 3 7320U (8GB Ram/512GB SSD/Fhd/15.6"" (39.6 Cm)/Backlit Keyboard/Windows 11/Ms Office 21/1.59Kg/Silver) Fc0026Au Laptop",https://www.amazon.in/HP-Backlit-Keyboard-Windows-Fc0026Au/dp/B0C3RCR4K7/ref=sr_1_25?crid=1WDCNLG2RPSXG&dib=eyJ2IjoiMSJ9.7ANqTKA1cVkzHiAcvB5oA0tBKi035AJoTKb6AGC56h5SOLsJyrUKOfgFRgqOKJiAJ8tHjtatDy3EDcmh99TCfD3q0IQhYqgczvcqY5TtAh99cOowGpK_e7dTOisz7ulMfDa7c3NB26DSJT-BjCY82I2tuqLz-OLUONpQxavnUsjuRih-ufGc-JHsknpDPd4JonghDZUzBCdsklhtd9zpBkKXEAS8jo-0MWkf-KiUIew.RcYmUawglKgtm65IxhKRnIXwSX1cAvUm1UywTjC163Q&dib_tag=se&keywords=laptops&qid=1741412001&sprefix=laptops%2Caps%2C211&sr=8-25
B0D22L96QY,"Mon, 10 Mar",(36% off),https://m.media-amazon.com/images/I/71DRfT-xl2L._AC_UY218_.jpg,"₹44,990","₹28,990",Yes,4.2,37,No,"MSI Modern 14, Intel 12th Gen. i3 1215U,36CM Laptop(8GB/512GB NVMe SSD/Windows 11 Home/UHD Graphic/Classic Black/1.4Kg),C12MO-1205IN",https://www.amazon.in/MSI-Windows-Graphic-Classic-C12MO-1205IN/dp/B0D22L96QY/ref=sr_1_26?crid=1WDCNLG2RPSXG&dib=eyJ2IjoiMSJ9.7ANqTKA1cVkzHiAcvB5oA0tBKi035AJoTKb6AGC56h5SOLsJyrUKOfgFRgqOKJiAJ8tHjtatDy3EDcmh99TCfD3q0IQhYqgczvcqY5TtAh99cOowGpK_e7dTOisz7ulMfDa7c3NB26DSJT-BjCY82I2tuqLz-OLUONpQxavnUsjuRih-ufGc-JHsknpDPd4JonghDZUzBCdsklhtd9zpBkKXEAS8jo-0MWkf-KiUIew.RcYmUawglKgtm65IxhKRnIXwSX1cAvUm1UywTjC163Q&dib_tag=se&keywords=laptops&qid=1741412001&sprefix=laptops%2Caps%2C211&sr=8-26
B0DWSZ4MD8,"Mon, 10 Mar",(40% off),https://m.media-amazon.com/images/I/71dd92w7ZaL._AC_UY218_.jpg,"₹40,290","₹23,990",Yes,N/A,0,Yes,"Sponsored Ad - Lenovo IdeaPad Slim 1 Intel® Celeron® N4020 15.6 inch (39.6cm) Thin & Light Laptop (8GB RAM/512GB SSD/Windows 11 Home/Office Home & Student 2024/1Yr ADP Free/Cloud Grey/1.54Kg), 82V700L2IN",https://www.amazon.in/sspa/click?ie=UTF8&spc=MTo2OTYyMTgxNTM3MDY5NDk3OjE3NDE0MTIwMDE6c3BfbXRmOjMwMDQ5MTg2NDc2MjUzMjo6MDo6&url=%2FLenovo-IdeaPad-Celeron%25C2%25AE-Windows-82V700L2IN%2Fdp%2FB0DWSZ4MD8%2Fref%3Dsr_1_27_sspa%3Fcrid%3D1WDCNLG2RPSXG%26dib%3DeyJ2IjoiMSJ9.7ANqTKA1cVkzHiAcvB5oA0tBKi035AJoTKb6AGC56h5SOLsJyrUKOfgFRgqOKJiAJ8tHjtatDy3EDcmh99TCfD3q0IQhYqgczvcqY5TtAh99cOowGpK_e7dTOisz7ulMfDa7c3NB26DSJT-BjCY82I2tuqLz-OLUONpQxavnUsjuRih-ufGc-JHsknpDPd4JonghDZUzBCdsklhtd9zpBkKXEAS8jo-0MWkf-KiUIew.RcYmUawglKgtm65IxhKRnIXwSX1cAvUm1UywTjC163Q%26dib_tag%3Dse%26keywords%3Dlaptops%26qid%3D1741412001%26sprefix%3Dlaptops%252Caps%252C211%26sr%3D8-27-spons%26sp_csd%3Dd2lkZ2V0TmFtZT1zcF9tdGY%26psc%3D1
B0DX1V4QTS,FREE delivery,N/A,https://m.media-amazon.com/images/I/71LXsEz60dL._AC_UY218_.jpg,"₹1,29,990","₹1,29,990",No,N/A,0,Yes,"Sponsored Ad - ASUS Zenbook A14, Snapdragon X Elite Processor,(Qualcomm Adreno iGPU/16GB RAM/512GB SSD/Windows 11 Home/MS Office 365 Basic (1Year)*/14"" FHD+ OLED/AI PC/Zabriskie Beige/0.98 kg), UX3407RA-QD054WS",https://www.amazon.in/sspa/click?ie=UTF8&spc=MTo2OTYyMTgxNTM3MDY5NDk3OjE3NDE0MTIwMDE6c3BfbXRmOjMwMDQ4OTU5ODE3MzUzMjo6MDo6&url=%2FASUS-Snapdragon-Processor-Zabriskie-UX3407RA-QD054WS%2Fdp%2FB0DX1V4QTS%2Fref%3Dsr_1_28_sspa%3Fcrid%3D1WDCNLG2RPSXG%26dib%3DeyJ2IjoiMSJ9.7ANqTKA1cVkzHiAcvB5oA0tBKi035AJoTKb6AGC56h5SOLsJyrUKOfgFRgqOKJiAJ8tHjtatDy3EDcmh99TCfD3q0IQhYqgczvcqY5TtAh99cOowGpK_e7dTOisz7ulMfDa7c3NB26DSJT-BjCY82I2tuqLz-OLUONpQxavnUsjuRih-ufGc-JHsknpDPd4JonghDZUzBCdsklhtd9zpBkKXEAS8jo-0MWkf-KiUIew.RcYmUawglKgtm65IxhKRnIXwSX1cAvUm1UywTjC163Q%26dib_tag%3Dse%26keywords%3Dlaptops%26qid%3D1741412001%26sprefix%3Dlaptops%252Caps%252C211%26sr%3D8-28-spons%26sp_csd%3Dd2lkZ2V0TmFtZT1zcF9tdGY%26psc%3D1
B0DDY1HWZL,"Mon, 10 Mar",(58% off),https://m.media-amazon.com/images/I/710hhin8IyL._AC_UY218_.jpg,"₹99,999","₹41,990",Yes,4.2,73,No,"Lenovo V15 AMD Ryzen 7 7730U 15.6"" (39.62cm) FHD 250 Nits Antiglare Thin and Light Laptop (Free MS Office) Lifetime (16GB/512GB SSD/Windows 11/Iron Grey/1.65 Kg) 1 Year Brand Warranty, 83CRA01SIN",https://www.amazon.in/Lenovo-V15-Antiglare-Lifetime-83CRA01SIN/dp/B0DDY1HWZL/ref=sr_1_29?crid=1WDCNLG2RPSXG&dib=eyJ2IjoiMSJ9.7ANqTKA1cVkzHiAcvB5oA0tBKi035AJoTKb6AGC56h5SOLsJyrUKOfgFRgqOKJiAJ8tHjtatDy3EDcmh99TCfD3q0IQhYqgczvcqY5TtAh99cOowGpK_e7dTOisz7ulMfDa7c3NB26DSJT-BjCY82I2tuqLz-OLUONpQxavnUsjuRih-ufGc-JHsknpDPd4JonghDZUzBCdsklhtd9zpBkKXEAS8jo-0MWkf-KiUIew.RcYmUawglKgtm65IxhKRnIXwSX1cAvUm1UywTjC163Q&dib_tag=se&keywords=laptops&qid=1741412001&sprefix=laptops%2Caps%2C211&sr=8-29
B0DJCWZ5BT,"Mon, 10 Mar",(21% off),https://m.media-amazon.com/images/I/71-S1RFX3qL._AC_UY218_.jpg,"₹32,078","₹25,490",Yes,3.8,12,No,HP Laptop 245 G9 AMD Ryzen 3 3250U Dual Core - (8GB/512GB SSD/AMD Radeon Graphics) Thin and Light Business Laptop/14 (35.56cm)/Silver/1.47 kg,https://www.amazon.in/HP-Laptop-245-G9-Ryzen/dp/B0DJCWZ5BT/ref=sr_1_30?crid=1WDCNLG2RPSXG&dib=eyJ2IjoiMSJ9.7ANqTKA1cVkzHiAcvB5oA0tBKi035AJoTKb6AGC56h5SOLsJyrUKOfgFRgqOKJiAJ8tHjtatDy3EDcmh99TCfD3q0IQhYqgczvcqY5TtAh99cOowGpK_e7dTOisz7ulMfDa7c3NB26DSJT-BjCY82I2tuqLz-OLUONpQxavnUsjuRih-ufGc-JHsknpDPd4JonghDZUzBCdsklhtd9zpBkKXEAS8jo-0MWkf-KiUIew.RcYmUawglKgtm65IxhKRnIXwSX1cAvUm1UywTjC163Q&dib_tag=se&keywords=laptops&qid=1741412001&sprefix=laptops%2Caps%2C211&sr=8-30
B0D7PTFFZH,"Mon, 10 Mar",(26% off),https://m.media-amazon.com/images/I/61qlqvTsocL._AC_UY218_.jpg,"₹30,999","₹22,990",Yes,3.4,249,No,"Acer Aspire 3 Laptop Intel Core Celeron N4500 Processor Laptop (8 GB LPDDR4X SDRAM/256 GB SSD/Win11 Home/38 WHR/HD Webcam) A325-45 with 39.63 cm (15.6"") HD Display, Pure Silver, 1.5 KG",https://www.amazon.in/Acer-Celeron-Processor-LPDDR4X-A325-45/dp/B0D7PTFFZH/ref=sr_1_31?crid=1WDCNLG2RPSXG&dib=eyJ2IjoiMSJ9.7ANqTKA1cVkzHiAcvB5oA0tBKi035AJoTKb6AGC56h5SOLsJyrUKOfgFRgqOKJiAJ8tHjtatDy3EDcmh99TCfD3q0IQhYqgczvcqY5TtAh99cOowGpK_e7dTOisz7ulMfDa7c3NB26DSJT-BjCY82I2tuqLz-OLUONpQxavnUsjuRih-ufGc-JHsknpDPd4JonghDZUzBCdsklhtd9zpBkKXEAS8jo-0MWkf-KiUIew.RcYmUawglKgtm65IxhKRnIXwSX1cAvUm1UywTjC163Q&dib_tag=se&keywords=laptops&qid=1741412001&sprefix=laptops%2Caps%2C211&sr=8-31
B0DNN7YJXC,"Mon, 10 Mar",(69% off),https://m.media-amazon.com/images/I/81uIoox445L._AC_UY218_.jpg,"₹2,599",₹799,Yes,3.8,"3,084",No,"Cable World Educational Laptop Computer Toy for Kids Above 3 Years - 20 Fun Activity Learning Machine, Now Learn Letter, Words, Games, Mathematics, Music, Logic, Memory Tool,Pink",https://www.amazon.in/Cable-World-Educational-Laptop-Kids/dp/B0DNN7YJXC/ref=sr_1_32?crid=1WDCNLG2RPSXG&dib=eyJ2IjoiMSJ9.7ANqTKA1cVkzHiAcvB5oA0tBKi035AJoTKb6AGC56h5SOLsJyrUKOfgFRgqOKJiAJ8tHjtatDy3EDcmh99TCfD3q0IQhYqgczvcqY5TtAh99cOowGpK_e7dTOisz7ulMfDa7c3NB26DSJT-BjCY82I2tuqLz-OLUONpQxavnUsjuRih-ufGc-JHsknpDPd4JonghDZUzBCdsklhtd9zpBkKXEAS8jo-0MWkf-KiUIew.RcYmUawglKgtm65IxhKRnIXwSX1cAvUm1UywTjC163Q&dib_tag=se&keywords=laptops&qid=1741412001&sprefix=laptops%2Caps%2C211&sr=8-32
B0BSH3JFP2,"Mon, 10 Mar",(40% off),https://m.media-amazon.com/images/I/71B0Gu0Iz1L._AC_UY218_.jpg,"₹1,64,990","₹99,000",Yes,3.7,15,No,"Samsung Galaxy Book3 Pro Intel 13th Gen i5 EvoTM 35.56cm(14"") Dynamic Amoled 2X, 3K Display, 120Hz, Ultra Thin & Light Laptop(16 GB/512 GB SSD/Windows 11/MS Office/Graphite/1.17Kg), NP940XFG-KC1IN",https://www.amazon.in/Samsung-35-56cm-Dynamic-Graphite-NP940XFG-KC1IN/dp/B0BSH3JFP2/ref=sr_1_33?crid=1WDCNLG2RPSXG&dib=eyJ2IjoiMSJ9.7ANqTKA1cVkzHiAcvB5oA0tBKi035AJoTKb6AGC56h5SOLsJyrUKOfgFRgqOKJiAJ8tHjtatDy3EDcmh99TCfD3q0IQhYqgczvcqY5TtAh99cOowGpK_e7dTOisz7ulMfDa7c3NB26DSJT-BjCY82I2tuqLz-OLUONpQxavnUsjuRih-ufGc-JHsknpDPd4JonghDZUzBCdsklhtd9zpBkKXEAS8jo-0MWkf-KiUIew.RcYmUawglKgtm65IxhKRnIXwSX1cAvUm1UywTjC163Q&dib_tag=se&keywords=laptops&qid=1741412001&sprefix=laptops%2Caps%2C211&sr=8-33
B0D4M15QMW,"Mon, 10 Mar",(34% off),https://m.media-amazon.com/images/I/71qiPf4GlIL._AC_UY218_.jpg,"₹46,709","₹30,999",Yes,4.0,108,No,"HP 15s,12th Gen Intel Core i3-1215U, 8GB DDR4, 256GB SSD, Anti-Glare, Micro-Edge, 15.6-inch(39.6cm) FHD Laptop, Intel UHD Graphics, Full-Size KB (Win 11, Office 21, Silver, 1.69kg) fy5010tu",https://www.amazon.in/HP-Anti-Glare-Micro-Edge-15-6-inch-Full-Size/dp/B0D4M15QMW/ref=sr_1_34?crid=1WDCNLG2RPSXG&dib=eyJ2IjoiMSJ9.7ANqTKA1cVkzHiAcvB5oA0tBKi035AJoTKb6AGC56h5SOLsJyrUKOfgFRgqOKJiAJ8tHjtatDy3EDcmh99TCfD3q0IQhYqgczvcqY5TtAh99cOowGpK_e7dTOisz7ulMfDa7c3NB26DSJT-BjCY82I2tuqLz-OLUONpQxavnUsjuRih-ufGc-JHsknpDPd4JonghDZUzBCdsklhtd9zpBkKXEAS8jo-0MWkf-KiUIew.RcYmUawglKgtm65IxhKRnIXwSX1cAvUm1UywTjC163Q&dib_tag=se&keywords=laptops&qid=1741412001&sprefix=laptops%2Caps%2C211&sr=8-34
B0D2Y4KLGN,"Mon, 10 Mar",(33% off),https://m.media-amazon.com/images/I/711jQVY8MCL._AC_UY218_.jpg,"₹20,990","₹13,990",Yes,4.2,240,No,"Primebook S WiFi, 2024(New) Android Based MediaTek MT8183 - (PrimeOS) Thin and Light Laptop (11.6 Inch, 1.065 Kg, Type C) (4GB/128GB eMMC Storage)",https://www.amazon.in/Primebook-Android-Based-MediaTek-MT8183/dp/B0D2Y4KLGN/ref=sr_1_35?crid=1WDCNLG2RPSXG&dib=eyJ2IjoiMSJ9.7ANqTKA1cVkzHiAcvB5oA0tBKi035AJoTKb6AGC56h5SOLsJyrUKOfgFRgqOKJiAJ8tHjtatDy3EDcmh99TCfD3q0IQhYqgczvcqY5TtAh99cOowGpK_e7dTOisz7ulMfDa7c3NB26DSJT-BjCY82I2tuqLz-OLUONpQxavnUsjuRih-ufGc-JHsknpDPd4JonghDZUzBCdsklhtd9zpBkKXEAS8jo-0MWkf-KiUIew.RcYmUawglKgtm65IxhKRnIXwSX1cAvUm1UywTjC163Q&dib_tag=se&keywords=laptops&qid=1741412001&sprefix=laptops%2Caps%2C211&sr=8-35
B0DKY4SLTR,"Mon, 10 Mar",(56% off),https://m.media-amazon.com/images/I/51ex45idxOL._AC_UY218_.jpg,"₹70,990","₹31,490",Yes,4.5,6,No,"Lenovo V15 G4, AMD Ryzen 5 7520U Quad Core - (8GB/512GB SSD/AMD Radeon Graphics/Windows 11 Home) Business Laptop/15.6"" FHD Display/Arctic Grey/1.57 kg",https://www.amazon.in/Lenovo-V15-Ryzen-7520U-Quad/dp/B0DKY4SLTR/ref=sr_1_36?crid=1WDCNLG2RPSXG&dib=eyJ2IjoiMSJ9.7ANqTKA1cVkzHiAcvB5oA0tBKi035AJoTKb6AGC56h5SOLsJyrUKOfgFRgqOKJiAJ8tHjtatDy3EDcmh99TCfD3q0IQhYqgczvcqY5TtAh99cOowGpK_e7dTOisz7ulMfDa7c3NB26DSJT-BjCY82I2tuqLz-OLUONpQxavnUsjuRih-ufGc-JHsknpDPd4JonghDZUzBCdsklhtd9zpBkKXEAS8jo-0MWkf-KiUIew.RcYmUawglKgtm65IxhKRnIXwSX1cAvUm1UywTjC163Q&dib_tag=se&keywords=laptops&qid=1741412001&sprefix=laptops%2Caps%2C211&sr=8-36
B0CCP9PH92,"Mon, 10 Mar",(40% off),https://m.media-amazon.com/images/I/71x5Px0zK9L._AC_UY218_.jpg,"₹54,990","₹32,990",Yes,3.7,235,Yes,"Sponsored Ad - ASUS Vivobook 15, Intel Core i3-1215U, 15.6"" FHD 16:9 60Hz 250nits, (8GB RAM/512GB SSD/Intel UHD Graphics/Win 11 Home/Office 2021/Backlit/42WHr Battery/Cool Silver/1.7 Kg), X1504ZA-NJ320WS",https://www.amazon.in/sspa/click?ie=UTF8&spc=MTo2OTYyMTgxNTM3MDY5NDk3OjE3NDE0MTIwMDE6c3BfYnRmOjMwMDIzMDAxNTA3NjQzMjo6MDo6&url=%2FASUS-Vivobook-IntelCore-Fingerprint-X1404ZA-NK321WS%2Fdp%2FB0CCP9PH92%2Fref%3Dsr_1_37_sspa%3Fcrid%3D1WDCNLG2RPSXG%26dib%3DeyJ2IjoiMSJ9.7ANqTKA1cVkzHiAcvB5oA0tBKi035AJoTKb6AGC56h5SOLsJyrUKOfgFRgqOKJiAJ8tHjtatDy3EDcmh99TCfD3q0IQhYqgczvcqY5TtAh99cOowGpK_e7dTOisz7ulMfDa7c3NB26DSJT-BjCY82I2tuqLz-OLUONpQxavnUsjuRih-ufGc-JHsknpDPd4JonghDZUzBCdsklhtd9zpBkKXEAS8jo-0MWkf-KiUIew.RcYmUawglKgtm65IxhKRnIXwSX1cAvUm1UywTjC163Q%26dib_tag%3Dse%26keywords%3Dlaptops%26qid%3D1741412001%26sprefix%3Dlaptops%252Caps%252C211%26sr%3D8-37-spons%26sp_csd%3Dd2lkZ2V0TmFtZT1zcF9idGY%26psc%3D1
B0D6Z2H2HR,"Mon, 10 Mar",(46% off),https://m.media-amazon.com/images/I/712vCLbaXGL._AC_UY218_.jpg,"₹42,590","₹22,990",Yes,3.7,274,Yes,"Sponsored Ad - Lenovo IdeaPad Slim 1 Intel Core Celeron N4020 14"" HD Thin and Light Laptop (8GB/512GB SSD/Windows 11 Home/Office 21/1Yr Warranty/Cloud Grey/1.3Kg), 82V6009LIN",https://www.amazon.in/sspa/click?ie=UTF8&spc=MTo2OTYyMTgxNTM3MDY5NDk3OjE3NDE0MTIwMDE6c3BfYnRmOjMwMDI0MDY1MTQwMjAzMjo6MDo6&url=%2FLenovo-IdeaPad-Celeron-Warranty-82V6009LIN%2Fdp%2FB0D6Z2H2HR%2Fref%3Dsr_1_38_sspa%3Fcrid%3D1WDCNLG2RPSXG%26dib%3DeyJ2IjoiMSJ9.7ANqTKA1cVkzHiAcvB5oA0tBKi035AJoTKb6AGC56h5SOLsJyrUKOfgFRgqOKJiAJ8tHjtatDy3EDcmh99TCfD3q0IQhYqgczvcqY5TtAh99cOowGpK_e7dTOisz7ulMfDa7c3NB26DSJT-BjCY82I2tuqLz-OLUONpQxavnUsjuRih-ufGc-JHsknpDPd4JonghDZUzBCdsklhtd9zpBkKXEAS8jo-0MWkf-KiUIew.RcYmUawglKgtm65IxhKRnIXwSX1cAvUm1UywTjC163Q%26dib_tag%3Dse%26keywords%3Dlaptops%26qid%3D1741412001%26sprefix%3Dlaptops%252Caps%252C211%26sr%3D8-38-spons%26sp_csd%3Dd2lkZ2V0TmFtZT1zcF9idGY%26psc%3D1
